Experiment	GeneId	Symbol	Control_transcript	Case_transcript	CDS_control	CDS_case	CDS_change	UTR_change	Samples	Driver	num_samples	Pfam_change	Prosite_change	Functional	p_recurrent
AML	ENSG00000197756.9	RPL37A	ENST00000456586.5	ENST00000491306.5	1	1	1	1	TARGET-20-PAEDKB-04,TARGET-20-PAEFGT-04,TARGET-20-PAKERZ-04,TARGET-20-PAMYAS-04,TARGET-20-PARBIU-04,TARGET-20-PARDDY-04,TARGET-20-PARFAL-04,TARGET-20-PARUNX-04,TARGET-20-PARYFN-04,TARGET-20-PASCGR-04,TARGET-20-PASTUH-04,TARGET-20-PASVYA-04,TARGET-20-PASYJI-04	Driver interactor	13	FALSE	FALSE	No	1.3055867385482611e-6
AML	ENSG00000110700.6	RPS13	ENST00000525634.5	ENST00000228140.6	1	1	1	1	TARGET-20-PAEDKB-04,TARGET-20-PAMYAS-04,TARGET-20-PARBIU-04,TARGET-20-PARDDY-04,TARGET-20-PARFAL-04,TARGET-20-PARUNX-04,TARGET-20-PARYFN-04,TARGET-20-PASTUH-04,TARGET-20-PASVVS-04,TARGET-20-PASVYA-04,TARGET-20-PASWAJ-04,TARGET-20-PASYJI-04	Driver interactor	12	FALSE	TRUE	Yes	7.676337997265724e-6
AML	ENSG00000149806.10	FAU	ENST00000527548.5	ENST00000529639.5	1	1	0	1	TARGET-20-PAKERZ-04,TARGET-20-PAMYAS-04,TARGET-20-PAPXRJ-04,TARGET-20-PARDDY-04,TARGET-20-PARUNX-04,TARGET-20-PASTUH-04,TARGET-20-PASVVS-04,TARGET-20-PASYJI-04	No	8	FALSE	FALSE	No	0.003561269920028516
AML	ENSG00000197747.8	S100A10	ENST00000368809.1	ENST00000368811.7	1	1	0	1	TARGET-20-PAEDKB-04,TARGET-20-PAEFGT-04,TARGET-20-PAMYAS-04,TARGET-20-PAPXRJ-04,TARGET-20-PARBIU-04,TARGET-20-PARLVL-04,TARGET-20-PASMYS-04,TARGET-20-PASTUH-04,TARGET-20-PASYJI-04	No	9	FALSE	FALSE	No	8.969682245420389e-4
AML	ENSG00000164111.14	ANXA5	ENST00000296511.9	ENST00000501272.6	1	1	1	1	TARGET-20-PAEDKB-04,TARGET-20-PARYVW-04,TARGET-20-PASBBE-04,TARGET-20-PASGZS-04,TARGET-20-PASHYZ-04,TARGET-20-PASPLU-04,TARGET-20-PASWAJ-04,TARGET-20-PASYJI-04	Driver interactor	8	TRUE	TRUE	Yes	0.003561269920028516
AML	ENSG00000135404.11	CD63	ENST00000546939.5	ENST00000549117.5	1	1	1	1	TARGET-20-PARYFN-04,TARGET-20-PARYVW-04,TARGET-20-PASHYZ-04	No	3	FALSE	TRUE	Yes	0.45309753864995794
AML	ENSG00000133226.16	SRRM1	ENST00000323848.13	ENST00000374389.8	1	1	1	1	TARGET-20-PAEERJ-04,TARGET-20-PARBIU-04,TARGET-20-PASGZS-04,TARGET-20-PASINN-04,TARGET-20-PASMYS-04,TARGET-20-PASPLU-04,TARGET-20-PASXNR-04,TARGET-20-PASYJI-04	Driver interactor	8	FALSE	FALSE	No	0.003561269920028516
AML	ENSG00000143947.12	RPS27A	ENST00000404735.1	ENST00000272317.10	1	1	0	1	TARGET-20-PADZCG-04,TARGET-20-PAKIWK-04,TARGET-20-PARDDY-04,TARGET-20-PARYFN-04,TARGET-20-PASCGR-04,TARGET-20-PASGWH-04,TARGET-20-PASTUH-04	Driver interactor	7	FALSE	FALSE	No	0.01255265901386819
AML	ENSG00000008083.13	JARID2	ENST00000341776.6	ENST00000397311.4	1	1	1	1	TARGET-20-PABLDZ-04,TARGET-20-PAKERZ-04,TARGET-20-PAKTCX-04,TARGET-20-PARCZL-04,TARGET-20-PARTAL-04,TARGET-20-PASVYA-04,TARGET-20-PASYJI-04,TARGET-20-PATDNN-04	Driver interactor	8	FALSE	FALSE	No	0.003561269920028516
AML	ENSG00000111640.14	GAPDH	ENST00000396859.5	ENST00000229239.9	1	1	0	1	TARGET-20-PARDDY-04,TARGET-20-PASTUH-04,TARGET-20-PASVVS-04,TARGET-20-PASYJI-04	No	4	FALSE	FALSE	No	0.2372378134479852
AML	ENSG00000188243.12	COMMD6	ENST00000355801.4	ENST00000377615.7	1	1	1	1	TARGET-20-PABLDZ-04,TARGET-20-PAMYAS-04,TARGET-20-PARDDY-04,TARGET-20-PASCGR-04,TARGET-20-PASTUH-04,TARGET-20-PASYJI-04,TARGET-20-PATDNN-04	No	7	FALSE	FALSE	No	0.01255265901386819
AML	ENSG00000141510.15	TP53	ENST00000619485.4	ENST00000445888.6	1	1	1	1	TARGET-20-PAKTCX-04,TARGET-20-PARFAL-04,TARGET-20-PASYJI-04	Driver	3	TRUE	FALSE	Yes	0.45309753864995794
AML	ENSG00000204287.13	HLA-DRA	ENST00000395388.6	ENST00000374982.5	1	1	1	1	TARGET-20-PABLDZ-04,TARGET-20-PADZCG-04,TARGET-20-PAKTCX-04,TARGET-20-PARUNX-04,TARGET-20-PASCRZ-04,TARGET-20-PASGZS-04,TARGET-20-PASJGZ-04	No	7	FALSE	FALSE	No	0.01255265901386819
AML	ENSG00000133112.16	TPT1	ENST00000379060.8	ENST00000379056.5	1	1	1	1	TARGET-20-PAEDKB-04,TARGET-20-PAMYAS-04,TARGET-20-PARDDY-04,TARGET-20-PARYFN-04,TARGET-20-PASVYA-04,TARGET-20-PASYJI-04	No	6	FALSE	FALSE	No	0.03882977718575788
AML	ENSG00000131584.18	ACAP3	ENST00000354700.9	ENST00000353662.4	1	1	1	1	TARGET-20-PADZCG-04,TARGET-20-PAKIWK-04,TARGET-20-PARYFN-04,TARGET-20-PASCRZ-04,TARGET-20-PASJGZ-04,TARGET-20-PASPLU-04	No	6	FALSE	FALSE	No	0.03882977718575788
AML	ENSG00000126091.19	ST3GAL3	ENST00000361392.8	ENST00000330208.6	1	1	1	1	TARGET-20-PABLDZ-04,TARGET-20-PAKTCX-04,TARGET-20-PARDDY-04	No	3	TRUE	FALSE	Yes	0.45309753864995794
AML	ENSG00000168028.13	RPSA	ENST00000301821.10	ENST00000443003.2	1	1	1	1	TARGET-20-PABLDZ-04,TARGET-20-PAKTCX-04,TARGET-20-PARLVL-04,TARGET-20-PASJGZ-04,TARGET-20-PASVYA-04,TARGET-20-PATIAK-04	Driver interactor	6	TRUE	FALSE	Yes	0.03882977718575788
AML	ENSG00000163931.15	TKT	ENST00000423516.5	ENST00000462138.5	1	1	1	1	TARGET-20-PABLDZ-04,TARGET-20-PADZCG-04,TARGET-20-PAKTCX-04,TARGET-20-PANLIZ-04,TARGET-20-PASCRZ-04	No	5	FALSE	FALSE	No	0.10398174620766079
AML	ENSG00000164587.11	RPS14	ENST00000521466.5	ENST00000401695.7	1	1	0	1	TARGET-20-PAMYAS-04,TARGET-20-PARBIU-04,TARGET-20-PASWAJ-04	Driver	3	FALSE	FALSE	No	0.45309753864995794
AML	ENSG00000204628.11	GNB2L1	ENST00000376817.8	ENST00000626067.1	1	1	1	1	TARGET-20-PAEDKB-04,TARGET-20-PASJGZ-04,TARGET-20-PASYJI-04	No	3	TRUE	TRUE	Yes	0.45309753864995794
AML	ENSG00000223609.7	HBD	ENST00000380299.3	ENST00000292901.7	1	1	1	1	TARGET-20-PARBIU-04,TARGET-20-PARDDY-04,TARGET-20-PARFAL-04,TARGET-20-PASTUH-04,TARGET-20-PASVVS-04,TARGET-20-PASYJI-04	No	6	FALSE	FALSE	No	0.03882977718575788
AML	ENSG00000149273.14	RPS3	ENST00000524851.5	ENST00000526608.5	1	1	1	1	TARGET-20-PADZCG-04,TARGET-20-PAMYAS-04,TARGET-20-PARDDY-04,TARGET-20-PASCGR-04,TARGET-20-PASVVS-04	No	5	FALSE	FALSE	No	0.10398174620766079
AML	ENSG00000169246.16	NPIPB3	ENST00000542817.1	ENST00000448012.6	1	1	1	1	TARGET-20-PAEDKB-04,TARGET-20-PARFAL-04,TARGET-20-PASCGR-04,TARGET-20-PASCRZ-04,TARGET-20-PASGZS-04,TARGET-20-PASINN-04	No	6	TRUE	FALSE	Yes	0.03882977718575788
AML	ENSG00000167522.14	ANKRD11	ENST00000301030.8	ENST00000378330.6	1	1	0	1	TARGET-20-PABLDZ-04,TARGET-20-PADZCG-04,TARGET-20-PAKIWK-04,TARGET-20-PASCRZ-04,TARGET-20-PASGZS-04,TARGET-20-PATDNN-04	No	6	FALSE	FALSE	No	0.03882977718575788
AML	ENSG00000099860.8	GADD45B	ENST00000215631.8	ENST00000587345.1	1	1	1	1	TARGET-20-PAEFGT-04,TARGET-20-PAKIWK-04,TARGET-20-PAKTCX-04,TARGET-20-PARYFN-04,TARGET-20-PASGWH-04,TARGET-20-PASYJI-04	No	6	FALSE	FALSE	No	0.03882977718575788
AML	ENSG00000244274.7	DBNDD2	ENST00000360981.8	ENST00000357275.6	1	1	0	1	TARGET-20-PABLDZ-04,TARGET-20-PADZCG-04,TARGET-20-PARDDY-04	No	3	FALSE	FALSE	No	0.45309753864995794
AML	ENSG00000116670.14	MAD2L2	ENST00000376692.8	ENST00000376667.7	1	1	0	1	TARGET-20-PARFAL-04,TARGET-20-PARYFN-04,TARGET-20-PASCGR-04	No	3	FALSE	FALSE	No	0.45309753864995794
AML	ENSG00000132781.17	MUTYH	ENST00000456914.6	ENST00000529984.5	1	1	1	1	TARGET-20-PABLDZ-04,TARGET-20-PADZCG-04,TARGET-20-PAEDKB-04	Driver	3	TRUE	TRUE	Yes	0.45309753864995794
AML	ENSG00000162604.12	TM2D1	ENST00000606498.5	ENST00000371177.2	1	1	1	1	TARGET-20-PAEDKB-04,TARGET-20-PASCRZ-04,TARGET-20-PASGZS-04,TARGET-20-PASMYS-04	No	4	FALSE	FALSE	No	0.2372378134479852
AML	ENSG00000163159.11	VPS72	ENST00000368892.8	ENST00000354473.4	1	1	1	1	TARGET-20-PADZCG-04,TARGET-20-PAEDKB-04,TARGET-20-PASCRZ-04,TARGET-20-PASMYS-04,TARGET-20-PASYJI-04	No	5	FALSE	FALSE	No	0.10398174620766079
AML	ENSG00000151353.14	TMEM18	ENST00000405941.3	ENST00000281017.7	1	1	1	1	TARGET-20-PARLVL-04,TARGET-20-PASBBE-04,TARGET-20-PASCRZ-04,TARGET-20-PASGZS-04	No	4	FALSE	FALSE	No	0.2372378134479852
AML	ENSG00000151689.12	INPP1	ENST00000322522.8	ENST00000392329.6	1	1	0	1	TARGET-20-PAEDKB-04,TARGET-20-PAKIWK-04,TARGET-20-PARTAL-04,TARGET-20-PASCGR-04,TARGET-20-PASTUH-04	Driver interactor	5	FALSE	FALSE	No	0.10398174620766079
AML	ENSG00000168918.13	INPP5D	ENST00000445964.5	ENST00000359570.9	1	1	1	1	TARGET-20-PABLDZ-04,TARGET-20-PADZCG-04,TARGET-20-PAEDKB-04,TARGET-20-PARDDY-04,TARGET-20-PASMYS-04	Driver interactor	5	FALSE	FALSE	No	0.10398174620766079
AML	ENSG00000182606.14	TRAK1	ENST00000613405.4	ENST00000327628.9	1	1	1	1	TARGET-20-PAEDKB-04,TARGET-20-PASCRZ-04,TARGET-20-PASPLU-04	No	3	TRUE	FALSE	Yes	0.45309753864995794
AML	ENSG00000114737.15	CISH	ENST00000348721.3	ENST00000443053.6	1	1	1	1	TARGET-20-PABLDZ-04,TARGET-20-PAMYAS-04,TARGET-20-PARLVL-04,TARGET-20-PASHYZ-04,TARGET-20-PATDNN-04	Driver interactor	5	FALSE	FALSE	No	0.10398174620766079
AML	ENSG00000114054.13	PCCB	ENST00000251654.8	ENST00000482086.5	1	1	1	1	TARGET-20-PABLDZ-04,TARGET-20-PAKTCX-04,TARGET-20-PATDNN-04	No	3	FALSE	FALSE	No	0.45309753864995794
AML	ENSG00000163453.11	IGFBP7	ENST00000295666.6	ENST00000514062.2	1	1	1	1	TARGET-20-PARCVS-04,TARGET-20-PARYFN-04,TARGET-20-PASCRZ-04,TARGET-20-PASGWH-04,TARGET-20-PASPLU-04	Driver interactor	5	FALSE	FALSE	No	0.10398174620766079
AML	ENSG00000219545.9	UMAD1	ENST00000406829.2	ENST00000471760.5	0	0	0	1	TARGET-20-PAEDKB-04,TARGET-20-PARDDY-04,TARGET-20-PASCRZ-04,TARGET-20-PASINN-04,TARGET-20-PASMYS-04	No	5	FALSE	FALSE	No	0.10398174620766079
AML	ENSG00000205307.10	SAP25	ENST00000538735.5	ENST00000614631.4	1	1	0	1	TARGET-20-PAKIWK-04,TARGET-20-PANLIZ-04,TARGET-20-PARCVS-04,TARGET-20-PARCZL-04,TARGET-20-PASTUH-04	Driver interactor	5	FALSE	FALSE	No	0.10398174620766079
AML	ENSG00000168255.18	POLR2J3	ENST00000608621.5	ENST00000511313.5	0	1	1	1	TARGET-20-PAEDKB-04,TARGET-20-PASCRZ-04,TARGET-20-PASINN-04,TARGET-20-PASPLU-04	No	4	FALSE	FALSE	No	0.2372378134479852
AML	ENSG00000095370.19	SH2D3C	ENST00000314830.12	ENST00000420366.5	1	1	1	1	TARGET-20-PABLDZ-04,TARGET-20-PARCZL-04,TARGET-20-PATDNN-04	No	3	FALSE	FALSE	No	0.45309753864995794
AML	ENSG00000139637.13	C12orf10	ENST00000267103.9	ENST00000548632.5	1	1	1	1	TARGET-20-PAEDKB-04,TARGET-20-PASGZS-04,TARGET-20-PASPLU-04	No	3	FALSE	FALSE	No	0.45309753864995794
AML	ENSG00000119689.14	DLST	ENST00000334220.8	ENST00000626051.1	1	1	1	1	TARGET-20-PAEIKD-04,TARGET-20-PARBIU-04,TARGET-20-PARTAL-04,TARGET-20-PASBBE-04,TARGET-20-PASWAJ-04	No	5	TRUE	TRUE	Yes	0.10398174620766079
AML	ENSG00000184986.10	TMEM121	ENST00000431372.1	ENST00000392519.6	1	1	0	1	TARGET-20-PANLIZ-04,TARGET-20-PARCZL-04,TARGET-20-PASGZS-04,TARGET-20-PASVYA-04,TARGET-20-PATIAK-04	No	5	FALSE	FALSE	No	0.10398174620766079
AML	ENSG00000140455.16	USP3	ENST00000380324.7	ENST00000268049.11	1	1	1	1	TARGET-20-PABLDZ-04,TARGET-20-PAEFGT-04,TARGET-20-PAKERZ-04,TARGET-20-PARCVS-04	Driver interactor	4	FALSE	FALSE	No	0.2372378134479852
AML	ENSG00000183793.13	NPIPA5	ENST00000360151.8	ENST00000543801.5	1	1	1	1	TARGET-20-PAKTCX-04,TARGET-20-PARYVW-04,TARGET-20-PASCGR-04,TARGET-20-PASTUH-04	No	4	FALSE	FALSE	No	0.2372378134479852
AML	ENSG00000090905.17	TNRC6A	ENST00000315183.11	ENST00000395799.7	1	1	1	1	TARGET-20-PAKTCX-04,TARGET-20-PAMYAS-04,TARGET-20-PAPXRJ-04,TARGET-20-PARUNX-04,TARGET-20-PATDNN-04	No	5	FALSE	FALSE	No	0.10398174620766079
AML	ENSG00000205609.12	EIF3CL	ENST00000380876.4	ENST00000398944.7	1	1	0	1	TARGET-20-PABLDZ-04,TARGET-20-PASCRZ-04,TARGET-20-PASGWH-04,TARGET-20-PASMYS-04,TARGET-20-PATDNN-04	Driver interactor	5	FALSE	FALSE	No	0.10398174620766079
AML	ENSG00000040633.12	PHF23	ENST00000320316.7	ENST00000571362.5	1	1	1	1	TARGET-20-PAKTCX-04,TARGET-20-PAMYAS-04,TARGET-20-PARYFN-04	No	3	FALSE	FALSE	No	0.45309753864995794
AML	ENSG00000108774.14	RAB5C	ENST00000346213.8	ENST00000547517.5	1	1	1	1	TARGET-20-PAEDKB-04,TARGET-20-PARCZL-04,TARGET-20-PARDDY-04,TARGET-20-PASMYS-04,TARGET-20-PASTUH-04	No	5	FALSE	FALSE	No	0.10398174620766079
AML	ENSG00000178927.16	C17orf62	ENST00000342572.12	ENST00000585064.5	1	1	1	1	TARGET-20-PABLDZ-04,TARGET-20-PARDDY-04,TARGET-20-PASCRZ-04	No	3	FALSE	FALSE	No	0.45309753864995794
AML	ENSG00000172270.18	BSG	ENST00000353555.8	ENST00000618006.4	1	1	1	1	TARGET-20-PABLDZ-04,TARGET-20-PAKTCX-04,TARGET-20-PASCRZ-04	No	3	TRUE	FALSE	Yes	0.45309753864995794
AML	ENSG00000115286.19	NDUFS7	ENST00000233627.13	ENST00000313408.11	1	1	1	1	TARGET-20-PASCRZ-04,TARGET-20-PASJGZ-04,TARGET-20-PASMYS-04	No	3	FALSE	TRUE	Yes	0.45309753864995794
AML	ENSG00000104964.14	AES	ENST00000327141.8	ENST00000221561.12	1	1	1	1	TARGET-20-PABLDZ-04,TARGET-20-PAEFGT-04,TARGET-20-PAKTCX-04,TARGET-20-PASGWH-04	No	4	FALSE	FALSE	No	0.2372378134479852
AML	ENSG00000104853.15	CLPTM1	ENST00000546079.5	ENST00000337392.9	1	1	1	1	TARGET-20-PAEDKB-04,TARGET-20-PAKTCX-04,TARGET-20-PARDDY-04,TARGET-20-PASVVS-04,TARGET-20-PASYJI-04	No	5	FALSE	FALSE	No	0.10398174620766079
AML	ENSG00000105379.9	ETFB	ENST00000309244.8	ENST00000354232.8	1	1	1	1	TARGET-20-PADZCG-04,TARGET-20-PAEDKB-04,TARGET-20-PASCRZ-04,TARGET-20-PASJGZ-04,TARGET-20-PASYJI-04	No	5	FALSE	FALSE	No	0.10398174620766079
AML	ENSG00000186716.19	BCR	ENST00000359540.7	ENST00000305877.12	1	1	1	1	TARGET-20-PARCVS-04,TARGET-20-PARUNX-04,TARGET-20-PASYJI-04	Driver	3	FALSE	FALSE	No	0.45309753864995794
AML	ENSG00000128245.14	YWHAH	ENST00000248975.5	ENST00000397492.1	1	1	1	1	TARGET-20-PADZCG-04,TARGET-20-PANLIZ-04,TARGET-20-PARBIU-04,TARGET-20-PARDDY-04,TARGET-20-PARYFN-04	No	5	FALSE	TRUE	Yes	0.10398174620766079
AML	ENSG00000117614.9	SYF2	ENST00000236273.8	ENST00000354361.3	1	1	1	1	TARGET-20-PARLVL-04,TARGET-20-PARTAL-04,TARGET-20-PASCRZ-04,TARGET-20-PATDNN-04	No	4	FALSE	FALSE	No	0.2372378134479852
AML	ENSG00000117640.17	MTFR1L	ENST00000374303.6	ENST00000466284.1	1	1	1	1	TARGET-20-PAEDKB-04,TARGET-20-PASCRZ-04,TARGET-20-PASMYS-04	No	3	FALSE	FALSE	No	0.45309753864995794
AML	ENSG00000162522.10	KIAA1522	ENST00000401073.6	ENST00000373481.7	1	1	1	1	TARGET-20-PABLDZ-04,TARGET-20-PARDDY-04,TARGET-20-PASHYZ-04,TARGET-20-PASVYA-04	No	4	FALSE	FALSE	No	0.2372378134479852
AML	ENSG00000159352.15	PSMD4	ENST00000368884.7	ENST00000368881.8	1	1	1	1	TARGET-20-PADZCG-04,TARGET-20-PASCRZ-04,TARGET-20-PATDNN-04	No	3	FALSE	FALSE	No	0.45309753864995794
AML	ENSG00000177954.11	RPS27	ENST00000368567.4	ENST00000392558.4	1	1	1	1	TARGET-20-PARBIU-04,TARGET-20-PARLVL-04,TARGET-20-PASTUH-04,TARGET-20-PATIAK-04	No	4	TRUE	TRUE	Yes	0.2372378134479852
AML	ENSG00000075426.11	FOSL2	ENST00000264716.8	ENST00000379619.5	1	1	1	1	TARGET-20-PABLDZ-04,TARGET-20-PARLVL-04,TARGET-20-PASVYA-04,TARGET-20-PATDNN-04	Driver interactor	4	FALSE	FALSE	No	0.2372378134479852
AML	ENSG00000115274.14	INO80B	ENST00000233331.11	ENST00000409917.5	1	1	1	1	TARGET-20-PARDDY-04,TARGET-20-PARFAL-04,TARGET-20-PASJGZ-04,TARGET-20-PASVVS-04	Driver interactor	4	TRUE	FALSE	Yes	0.2372378134479852
AML	ENSG00000115525.16	ST3GAL5	ENST00000377332.7	ENST00000393808.7	1	1	1	1	TARGET-20-PAEFGT-04,TARGET-20-PAKTCX-04,TARGET-20-PARBIU-04,TARGET-20-PASVVS-04	No	4	FALSE	FALSE	No	0.2372378134479852
AML	ENSG00000143429.9	AC027612.6	ENST00000609777.5	ENST00000423774.1	0	0	0	1	TARGET-20-PAEERJ-04,TARGET-20-PAEFGT-04,TARGET-20-PAEIKD-04,TARGET-20-PATIAK-04	No	4	FALSE	FALSE	No	0.2372378134479852
AML	ENSG00000075884.12	ARHGAP15	ENST00000295095.10	ENST00000409869.5	1	1	1	1	TARGET-20-PAEDKB-04,TARGET-20-PASCRZ-04,TARGET-20-PASINN-04,TARGET-20-PASMYS-04	No	4	TRUE	FALSE	Yes	0.2372378134479852
AML	ENSG00000154822.15	PLCL2	ENST00000615277.4	ENST00000432376.5	1	1	1	1	TARGET-20-PABLDZ-04,TARGET-20-PAKTCX-04,TARGET-20-PARLVL-04,TARGET-20-PATDNN-04	No	4	FALSE	FALSE	No	0.2372378134479852
AML	ENSG00000172046.18	USP19	ENST00000417901.5	ENST00000398888.6	1	1	1	1	TARGET-20-PABLDZ-04,TARGET-20-PAKTCX-04,TARGET-20-PARDDY-04	Driver interactor	3	FALSE	FALSE	No	0.45309753864995794
AML	ENSG00000189283.9	FHIT	ENST00000492590.5	ENST00000341848.5	1	1	1	1	TARGET-20-PADZCG-04,TARGET-20-PASCGR-04,TARGET-20-PASJGZ-04	No	3	FALSE	TRUE	Yes	0.45309753864995794
AML	ENSG00000144746.6	ARL6IP5	ENST00000273258.3	ENST00000478935.1	1	1	1	1	TARGET-20-PABLDZ-04,TARGET-20-PAKTCX-04,TARGET-20-PARLVL-04,TARGET-20-PATDNN-04	No	4	FALSE	FALSE	No	0.2372378134479852
AML	ENSG00000058262.9	SEC61A1	ENST00000243253.7	ENST00000424880.2	1	1	1	1	TARGET-20-PABLDZ-04,TARGET-20-PAKTCX-04,TARGET-20-PASBBE-04,TARGET-20-PATDNN-04	Driver interactor	4	TRUE	TRUE	Yes	0.2372378134479852
AML	ENSG00000163754.17	GYG1	ENST00000296048.10	ENST00000627418.2	1	1	1	1	TARGET-20-PABLDZ-04,TARGET-20-PADZCG-04,TARGET-20-PAKTCX-04	No	3	FALSE	FALSE	No	0.45309753864995794
AML	ENSG00000125089.16	SH3TC1	ENST00000245105.7	ENST00000382521.7	1	1	1	1	TARGET-20-PAEDKB-04,TARGET-20-PARDDY-04,TARGET-20-PASCRZ-04,TARGET-20-PASMYS-04	No	4	FALSE	FALSE	No	0.2372378134479852
AML	ENSG00000071127.16	WDR1	ENST00000499869.6	ENST00000382451.6	1	1	1	1	TARGET-20-PABLDZ-04,TARGET-20-PAKTCX-04,TARGET-20-PATDNN-04	Driver interactor	3	TRUE	FALSE	Yes	0.45309753864995794
AML	ENSG00000145293.14	ENOPH1	ENST00000273920.7	ENST00000610545.1	1	1	1	1	TARGET-20-PABLDZ-04,TARGET-20-PAKTCX-04,TARGET-20-PATDNN-04	No	3	FALSE	FALSE	No	0.45309753864995794
AML	ENSG00000197894.10	ADH5	ENST00000626055.2	ENST00000296412.12	1	1	1	1	TARGET-20-PABLDZ-04,TARGET-20-PARLVL-04,TARGET-20-PASCRZ-04,TARGET-20-PASVYA-04	No	4	TRUE	TRUE	Yes	0.2372378134479852
AML	ENSG00000164327.12	RICTOR	ENST00000357387.7	ENST00000296782.9	1	1	1	1	TARGET-20-PAEIKD-04,TARGET-20-PARDDY-04,TARGET-20-PASHYZ-04,TARGET-20-PASWAJ-04	Driver	4	FALSE	FALSE	No	0.2372378134479852
AML	ENSG00000177556.11	ATOX1	ENST00000313115.10	ENST00000521264.5	1	1	1	1	TARGET-20-PAEDKB-04,TARGET-20-PASCRZ-04,TARGET-20-PASPLU-04	No	3	FALSE	FALSE	No	0.45309753864995794
AML	ENSG00000158373.8	HIST1H2BD	ENST00000377777.5	ENST00000289316.2	1	1	0	1	TARGET-20-PAKERZ-04,TARGET-20-PARBIU-04,TARGET-20-PARLVL-04,TARGET-20-PATDNN-04	Driver	4	FALSE	FALSE	No	0.2372378134479852
AML	ENSG00000234127.8	TRIM26	ENST00000453195.5	ENST00000437089.5	1	1	0	1	TARGET-20-PADZCG-04,TARGET-20-PAKERZ-04,TARGET-20-PARCZL-04,TARGET-20-PASVVS-04	No	4	FALSE	FALSE	No	0.2372378134479852
AML	ENSG00000213676.10	ATF6B	ENST00000375203.7	ENST00000375201.8	1	1	1	1	TARGET-20-PAEDKB-04,TARGET-20-PARLVL-04,TARGET-20-PASCRZ-04,TARGET-20-PASHYZ-04	No	4	FALSE	FALSE	No	0.2372378134479852
AML	ENSG00000146278.10	PNRC1	ENST00000369472.1	ENST00000336032.3	1	1	1	1	TARGET-20-PABLDZ-04,TARGET-20-PAKTCX-04,TARGET-20-PARCZL-04,TARGET-20-PATDNN-04	Driver	4	FALSE	FALSE	No	0.2372378134479852
AML	ENSG00000025039.14	RRAGD	ENST00000369415.8	ENST00000359203.3	1	1	1	1	TARGET-20-PAKTCX-04,TARGET-20-PARLVL-04,TARGET-20-PASCRZ-04,TARGET-20-PATIAK-04	Driver interactor	4	FALSE	FALSE	No	0.2372378134479852
AML	ENSG00000079950.13	STX7	ENST00000367937.4	ENST00000367941.6	1	1	1	1	TARGET-20-PABLDZ-04,TARGET-20-PAEDKB-04,TARGET-20-PASCRZ-04,TARGET-20-PASINN-04	No	4	FALSE	FALSE	No	0.2372378134479852
AML	ENSG00000122674.11	CCZ1	ENST00000325974.8	ENST00000628813.2	1	1	1	1	TARGET-20-PABLDZ-04,TARGET-20-PAEDKB-04,TARGET-20-PAKTCX-04,TARGET-20-PATDNN-04	No	4	TRUE	FALSE	Yes	0.2372378134479852
AML	ENSG00000228903.6	RASA4CP	ENST00000424092.1	ENST00000446874.5	0	0	0	1	TARGET-20-PABLDZ-04,TARGET-20-PASJGZ-04,TARGET-20-PASMYS-04,TARGET-20-PATDNN-04	No	4	FALSE	FALSE	No	0.2372378134479852
AML	ENSG00000129103.17	SUMF2	ENST00000434526.6	ENST00000275607.13	1	1	1	1	TARGET-20-PALGKX-04,TARGET-20-PASJGZ-04,TARGET-20-PATDNN-04	No	3	FALSE	FALSE	No	0.45309753864995794
AML	ENSG00000006652.13	IFRD1	ENST00000403825.7	ENST00000621379.4	1	1	1	1	TARGET-20-PABLDZ-04,TARGET-20-PASCGR-04,TARGET-20-PATDNN-04	Driver interactor	3	FALSE	FALSE	No	0.45309753864995794
AML	ENSG00000147677.10	EIF3H	ENST00000611080.1	ENST00000521861.5	1	1	1	1	TARGET-20-PAKERZ-04,TARGET-20-PAMYAS-04,TARGET-20-PARYVW-04,TARGET-20-PATIAK-04	Driver interactor	4	FALSE	FALSE	No	0.2372378134479852
AML	ENSG00000180900.16	SCRIB	ENST00000320476.7	ENST00000377533.7	1	1	1	1	TARGET-20-PABLDZ-04,TARGET-20-PAKTCX-04,TARGET-20-PARLVL-04	Driver interactor	3	TRUE	FALSE	Yes	0.45309753864995794
AML	ENSG00000137055.14	PLAA	ENST00000520884.5	ENST00000397292.7	1	1	1	1	TARGET-20-PABLDZ-04,TARGET-20-PAKTCX-04,TARGET-20-PARCZL-04,TARGET-20-PATDNN-04	No	4	FALSE	FALSE	No	0.2372378134479852
AML	ENSG00000213930.11	GALT	ENST00000450095.6	ENST00000378842.7	1	1	1	1	TARGET-20-PABLDZ-04,TARGET-20-PASCRZ-04,TARGET-20-PASJGZ-04,TARGET-20-PASYJI-04	No	4	FALSE	FALSE	No	0.2372378134479852
AML	ENSG00000107175.10	CREB3	ENST00000353704.2	ENST00000613913.4	1	1	1	1	TARGET-20-PADZCG-04,TARGET-20-PALGKX-04,TARGET-20-PARYFN-04,TARGET-20-PATDNN-04	No	4	FALSE	FALSE	No	0.2372378134479852
AML	ENSG00000136937.12	NCBP1	ENST00000375147.7	ENST00000629069.1	1	1	1	1	TARGET-20-PABLDZ-04,TARGET-20-PALGKX-04,TARGET-20-PAMYAS-04,TARGET-20-PASJGZ-04	No	4	TRUE	FALSE	Yes	0.2372378134479852
AML	ENSG00000136891.13	TEX10	ENST00000374902.8	ENST00000535814.5	1	1	1	1	TARGET-20-PADZCG-04,TARGET-20-PAKERZ-04,TARGET-20-PARBIU-04,TARGET-20-PATDNN-04	No	4	FALSE	FALSE	No	0.2372378134479852
AML	ENSG00000136870.10	ZNF189	ENST00000374861.7	ENST00000339664.6	1	1	1	1	TARGET-20-PABLDZ-04,TARGET-20-PADZCG-04,TARGET-20-PAKIWK-04,TARGET-20-PASHYZ-04	No	4	FALSE	FALSE	No	0.2372378134479852
AML	ENSG00000119318.12	RAD23B	ENST00000358015.7	ENST00000416373.6	1	1	1	1	TARGET-20-PABLDZ-04,TARGET-20-PAEDKB-04,TARGET-20-PASBBE-04,TARGET-20-PATDNN-04	No	4	TRUE	FALSE	Yes	0.2372378134479852
AML	ENSG00000197958.12	RPL12	ENST00000361436.9	ENST00000536368.1	1	1	1	1	TARGET-20-PABLDZ-04,TARGET-20-PAEDKB-04,TARGET-20-PASCRZ-04,TARGET-20-PASJGZ-04	Driver interactor	4	FALSE	FALSE	No	0.2372378134479852
AML	ENSG00000228651.1	RP11-556E13.1	ENST00000443523.1	ENST00000448017.1	0	0	0	1	TARGET-20-PADZCG-04,TARGET-20-PALGKX-04,TARGET-20-PARBIU-04,TARGET-20-PASWAJ-04	No	4	FALSE	FALSE	No	0.2372378134479852
AML	ENSG00000150347.14	ARID5B	ENST00000309334.5	ENST00000279873.11	1	1	1	1	TARGET-20-PABLDZ-04,TARGET-20-PAKTCX-04,TARGET-20-PARLVL-04,TARGET-20-PATDNN-04	Driver	4	FALSE	FALSE	No	0.2372378134479852
AML	ENSG00000122877.13	EGR2	ENST00000242480.3	ENST00000411732.2	1	1	1	1	TARGET-20-PABLDZ-04,TARGET-20-PAKTCX-04,TARGET-20-PARDDY-04,TARGET-20-PARLVL-04	No	4	FALSE	FALSE	No	0.2372378134479852
AML	ENSG00000197746.13	PSAP	ENST00000394936.7	ENST00000610929.3	1	1	1	1	TARGET-20-PABLDZ-04,TARGET-20-PAKTCX-04,TARGET-20-PARLVL-04,TARGET-20-PATDNN-04	No	4	TRUE	FALSE	Yes	0.2372378134479852
AML	ENSG00000035403.16	VCL	ENST00000211998.8	ENST00000372755.7	1	1	1	1	TARGET-20-PABLDZ-04,TARGET-20-PAEDKB-04,TARGET-20-PAKTCX-04,TARGET-20-PATDNN-04	No	4	TRUE	FALSE	Yes	0.2372378134479852
AML	ENSG00000107798.17	LIPA	ENST00000336233.9	ENST00000371837.5	1	1	1	1	TARGET-20-PABLDZ-04,TARGET-20-PAKTCX-04,TARGET-20-PARLVL-04,TARGET-20-PATDNN-04	No	4	FALSE	FALSE	No	0.2372378134479852
AML	ENSG00000133812.14	SBF2	ENST00000256190.12	ENST00000617179.4	1	1	1	1	TARGET-20-PABLDZ-04,TARGET-20-PAKTCX-04,TARGET-20-PAMYAS-04,TARGET-20-PARLVL-04	No	4	FALSE	FALSE	No	0.2372378134479852
AML	ENSG00000023697.12	DERA	ENST00000428559.6	ENST00000526530.1	1	1	1	1	TARGET-20-PABLDZ-04,TARGET-20-PARLVL-04,TARGET-20-PASCRZ-04,TARGET-20-PATDNN-04	No	4	FALSE	FALSE	No	0.2372378134479852
AML	ENSG00000089157.15	RPLP0	ENST00000392514.8	ENST00000313104.9	1	1	1	1	TARGET-20-PAKIWK-04,TARGET-20-PANLIZ-04,TARGET-20-PASJGZ-04,TARGET-20-PASPLU-04	Driver interactor	4	FALSE	FALSE	No	0.2372378134479852
AML	ENSG00000110987.8	BCL7A	ENST00000261822.4	ENST00000538010.5	1	1	1	1	TARGET-20-PABLDZ-04,TARGET-20-PAKTCX-04,TARGET-20-PARLVL-04,TARGET-20-PATDNN-04	Driver interactor	4	FALSE	FALSE	No	0.2372378134479852
AML	ENSG00000150459.12	SAP18	ENST00000382533.8	ENST00000621421.4	1	1	0	1	TARGET-20-PARFAL-04,TARGET-20-PARYVW-04,TARGET-20-PATDNN-04,TARGET-20-PATIAK-04	No	4	FALSE	FALSE	No	0.2372378134479852
AML	ENSG00000100911.13	PSME2	ENST00000615264.4	ENST00000560410.5	1	1	1	1	TARGET-20-PABLDZ-04,TARGET-20-PAEDKB-04,TARGET-20-PASCRZ-04,TARGET-20-PATDNN-04	No	4	FALSE	FALSE	No	0.2372378134479852
AML	ENSG00000213614.9	HEXA	ENST00000567159.5	ENST00000566304.5	1	1	1	1	TARGET-20-PABLDZ-04,TARGET-20-PAKTCX-04,TARGET-20-PATDNN-04	No	3	FALSE	FALSE	No	0.45309753864995794
AML	ENSG00000179335.18	CLK3	ENST00000345005.8	ENST00000395066.7	1	1	1	1	TARGET-20-PAKTCX-04,TARGET-20-PARYFN-04,TARGET-20-PASGWH-04,TARGET-20-PATDNN-04	No	4	FALSE	FALSE	No	0.2372378134479852
AML	ENSG00000187535.13	IFT140	ENST00000426508.6	ENST00000361339.9	1	1	1	1	TARGET-20-PAKTCX-04,TARGET-20-PALGKX-04,TARGET-20-PARLVL-04,TARGET-20-PATDNN-04	No	4	TRUE	FALSE	Yes	0.2372378134479852
AML	ENSG00000162076.12	FLYWCH2	ENST00000396958.7	ENST00000293981.10	1	1	0	1	TARGET-20-PADZCG-04,TARGET-20-PARLVL-04,TARGET-20-PASMYS-04,TARGET-20-PATDNN-04	No	4	FALSE	FALSE	No	0.2372378134479852
AML	ENSG00000140750.16	ARHGAP17	ENST00000303665.9	ENST00000289968.10	1	1	1	1	TARGET-20-PABLDZ-04,TARGET-20-PAKIWK-04,TARGET-20-PAKTCX-04,TARGET-20-PASGWH-04	No	4	FALSE	FALSE	No	0.2372378134479852
AML	ENSG00000167394.12	ZNF668	ENST00000300849.4	ENST00000535577.5	1	1	0	1	TARGET-20-PABLDZ-04,TARGET-20-PARLVL-04,TARGET-20-PATDNN-04	Driver interactor	3	FALSE	FALSE	No	0.45309753864995794
AML	ENSG00000167515.10	TRAPPC2L	ENST00000625770.2	ENST00000567312.5	1	1	1	1	TARGET-20-PADZCG-04,TARGET-20-PAEDKB-04,TARGET-20-PASCRZ-04	No	3	FALSE	FALSE	No	0.45309753864995794
AML	ENSG00000197912.13	SPG7	ENST00000268704.6	ENST00000341316.6	1	1	1	1	TARGET-20-PABLDZ-04,TARGET-20-PAEDKB-04,TARGET-20-PARDDY-04,TARGET-20-PATDNN-04	No	4	TRUE	FALSE	Yes	0.2372378134479852
AML	ENSG00000270647.5	TAF15	ENST00000605844.5	ENST00000604841.5	1	1	1	1	TARGET-20-PABLDZ-04,TARGET-20-PARYFN-04,TARGET-20-PASBBE-04,TARGET-20-PASJGZ-04	No	4	FALSE	FALSE	No	0.2372378134479852
AML	ENSG00000167258.13	CDK12	ENST00000430627.6	ENST00000447079.4	1	1	1	1	TARGET-20-PABLDZ-04,TARGET-20-PARLVL-04,TARGET-20-PATDNN-04	Driver	3	FALSE	FALSE	No	0.45309753864995794
AML	ENSG00000005379.15	BZRAP1	ENST00000268893.10	ENST00000343736.8	1	1	1	1	TARGET-20-PAMYAS-04,TARGET-20-PARCVS-04,TARGET-20-PARYFN-04,TARGET-20-PASGWH-04	No	4	FALSE	FALSE	No	0.2372378134479852
AML	ENSG00000198231.12	DDX42	ENST00000389924.6	ENST00000457800.3	1	1	1	1	TARGET-20-PABLDZ-04,TARGET-20-PAEDKB-04,TARGET-20-PARLVL-04,TARGET-20-PATDNN-04	Driver interactor	4	FALSE	FALSE	No	0.2372378134479852
AML	ENSG00000204323.5	SMIM5	ENST00000375215.3	ENST00000537494.1	1	1	0	1	TARGET-20-PAEDKB-04,TARGET-20-PALGKX-04,TARGET-20-PASHYZ-04,TARGET-20-PASPLU-04	No	4	FALSE	FALSE	No	0.2372378134479852
AML	ENSG00000064666.14	CNN2	ENST00000263097.8	ENST00000348419.7	1	1	1	1	TARGET-20-PABLDZ-04,TARGET-20-PARLVL-04,TARGET-20-PATDNN-04	No	3	FALSE	TRUE	Yes	0.45309753864995794
AML	ENSG00000205744.9	DENND1C	ENST00000381480.6	ENST00000543576.5	1	1	1	1	TARGET-20-PABLDZ-04,TARGET-20-PADZCG-04,TARGET-20-PASGWH-04,TARGET-20-PASPLU-04	No	4	FALSE	FALSE	No	0.2372378134479852
AML	ENSG00000105520.10	LPPR2	ENST00000251473.9	ENST00000591608.1	1	1	1	1	TARGET-20-PAMYAS-04,TARGET-20-PARCZL-04,TARGET-20-PASBBE-04,TARGET-20-PATDNN-04	No	4	FALSE	FALSE	No	0.2372378134479852
AML	ENSG00000179115.10	FARSA	ENST00000314606.8	ENST00000423140.6	1	1	1	1	TARGET-20-PABLDZ-04,TARGET-20-PAEDKB-04,TARGET-20-PASCRZ-04,TARGET-20-PASMYS-04	No	4	FALSE	FALSE	No	0.2372378134479852
AML	ENSG00000104907.12	TRMT1	ENST00000357720.8	ENST00000221504.12	1	1	1	1	TARGET-20-PADZCG-04,TARGET-20-PAKIWK-04,TARGET-20-PAKTCX-04,TARGET-20-PASGZS-04	No	4	FALSE	FALSE	No	0.2372378134479852
AML	ENSG00000221983.7	UBA52	ENST00000430157.6	ENST00000597451.5	1	1	0	1	TARGET-20-PARLVL-04,TARGET-20-PATDNN-04,TARGET-20-PATIAK-04	No	3	FALSE	FALSE	No	0.45309753864995794
AML	ENSG00000105193.8	RPS16	ENST00000251453.7	ENST00000601655.5	1	1	1	1	TARGET-20-PAKTCX-04,TARGET-20-PARLVL-04,TARGET-20-PARYFN-04	Driver interactor	3	FALSE	FALSE	No	0.45309753864995794
AML	ENSG00000178980.14	SEPW1	ENST00000601048.5	ENST00000593892.5	1	1	0	1	TARGET-20-PALGKX-04,TARGET-20-PAPXRJ-04,TARGET-20-PARDDY-04,TARGET-20-PASCRZ-04	No	4	FALSE	FALSE	No	0.2372378134479852
AML	ENSG00000268849.5	SIGLEC22P	ENST00000599104.1	ENST00000602065.5	0	0	0	1	TARGET-20-PADZCG-04,TARGET-20-PAMYAS-04,TARGET-20-PARUNX-04,TARGET-20-PASJGZ-04	No	4	FALSE	FALSE	No	0.2372378134479852
AML	ENSG00000125503.12	PPP1R12C	ENST00000263433.7	ENST00000435544.6	1	1	1	1	TARGET-20-PAKTCX-04,TARGET-20-PARYFN-04,TARGET-20-PASXNR-04,TARGET-20-PASYJI-04	Driver interactor	4	FALSE	FALSE	No	0.2372378134479852
AML	ENSG00000088766.11	CRLS1	ENST00000378868.4	ENST00000378863.8	1	1	1	1	TARGET-20-PABLDZ-04,TARGET-20-PADZCG-04,TARGET-20-PAEDKB-04,TARGET-20-PARDDY-04	No	4	FALSE	FALSE	No	0.2372378134479852
AML	ENSG00000183527.11	PSMG1	ENST00000380900.2	ENST00000331573.7	1	1	1	1	TARGET-20-PABLDZ-04,TARGET-20-PAEDKB-04,TARGET-20-PAKTCX-04,TARGET-20-PATDNN-04	No	4	FALSE	FALSE	No	0.2372378134479852
AML	ENSG00000099992.15	TBC1D10A	ENST00000215790.11	ENST00000403362.5	1	1	1	1	TARGET-20-PABLDZ-04,TARGET-20-PAKTCX-04,TARGET-20-PASHYZ-04,TARGET-20-PATDNN-04	No	4	FALSE	FALSE	No	0.2372378134479852
AML	ENSG00000100243.20	CYB5R3	ENST00000352397.9	ENST00000407332.5	1	1	1	1	TARGET-20-PABLDZ-04,TARGET-20-PAKTCX-04,TARGET-20-PATDNN-04	Driver interactor	3	FALSE	FALSE	No	0.45309753864995794
AML	ENSG00000185291.10	IL3RA	ENST00000331035.8	ENST00000381469.6	1	1	1	1	TARGET-20-PABLDZ-04,TARGET-20-PAKTCX-04,TARGET-20-PARDDY-04,TARGET-20-PASCRZ-04	No	4	FALSE	FALSE	No	0.2372378134479852
AML	ENSG00000126756.11	UXT	ENST00000333119.7	ENST00000335890.2	1	1	1	1	TARGET-20-PAKERZ-04,TARGET-20-PARLVL-04,TARGET-20-PARYVW-04,TARGET-20-PATIAK-04	No	4	FALSE	FALSE	No	0.2372378134479852
AML	ENSG00000012211.12	PRICKLE3	ENST00000599218.5	ENST00000453382.5	1	1	1	1	TARGET-20-PAEERJ-04,TARGET-20-PARDDY-04,TARGET-20-PASCRZ-04,TARGET-20-PASJGZ-04	No	4	FALSE	FALSE	No	0.2372378134479852
AML	ENSG00000089289.15	IGBP1	ENST00000356413.4	ENST00000342206.10	1	1	0	1	TARGET-20-PADZCG-04,TARGET-20-PAKERZ-04,TARGET-20-PASGZS-04,TARGET-20-PASTUH-04	No	4	FALSE	FALSE	No	0.2372378134479852
AML	ENSG00000188706.12	ZDHHC9	ENST00000371064.7	ENST00000357166.10	1	1	0	1	TARGET-20-PABLDZ-04,TARGET-20-PAKTCX-04,TARGET-20-PARLVL-04,TARGET-20-PATDNN-04	No	4	FALSE	FALSE	No	0.2372378134479852
AML	ENSG00000160075.11	SSU72	ENST00000291386.3	ENST00000359060.5	1	1	1	1	TARGET-20-PADZCG-04,TARGET-20-PASCRZ-04,TARGET-20-PASWAJ-04	No	3	FALSE	FALSE	No	0.45309753864995794
AML	ENSG00000157870.14	FAM213B	ENST00000419916.6	ENST00000378425.9	1	1	1	1	TARGET-20-PABLDZ-04,TARGET-20-PALGKX-04,TARGET-20-PASCRZ-04	No	3	FALSE	FALSE	No	0.45309753864995794
AML	ENSG00000116809.11	ZBTB17	ENST00000375743.8	ENST00000537142.5	1	1	1	1	TARGET-20-PABLDZ-04,TARGET-20-PAKTCX-04,TARGET-20-PATDNN-04	No	3	TRUE	FALSE	Yes	0.45309753864995794
AML	ENSG00000116544.11	DLGAP3	ENST00000235180.4	ENST00000373347.5	1	1	0	1	TARGET-20-PAKERZ-04,TARGET-20-PAKIWK-04,TARGET-20-PAPXRJ-04	No	3	FALSE	FALSE	No	0.45309753864995794
AML	ENSG00000084072.16	PPIE	ENST00000324379.9	ENST00000356511.6	1	1	1	1	TARGET-20-PABLDZ-04,TARGET-20-PAEDKB-04,TARGET-20-PASCRZ-04	No	3	FALSE	FALSE	No	0.45309753864995794
AML	ENSG00000168389.17	MFSD2A	ENST00000372811.9	ENST00000420632.6	1	1	1	1	TARGET-20-PABLDZ-04,TARGET-20-PAKTCX-04,TARGET-20-PARLVL-04	No	3	FALSE	FALSE	No	0.45309753864995794
AML	ENSG00000132768.13	DPH2	ENST00000255108.7	ENST00000396758.6	1	1	1	1	TARGET-20-PABLDZ-04,TARGET-20-PARLVL-04,TARGET-20-PATDNN-04	No	3	FALSE	FALSE	No	0.45309753864995794
AML	ENSG00000117419.14	ERI3	ENST00000372257.6	ENST00000372259.9	1	1	1	1	TARGET-20-PABLDZ-04,TARGET-20-PADZCG-04,TARGET-20-PATDNN-04	No	3	FALSE	FALSE	No	0.45309753864995794
AML	ENSG00000142937.11	RPS8	ENST00000396651.7	ENST00000372209.3	1	1	1	1	TARGET-20-PASCRZ-04,TARGET-20-PASPLU-04,TARGET-20-PATDNN-04	No	3	FALSE	FALSE	No	0.45309753864995794
AML	ENSG00000230812.5	LINC01358	ENST00000447329.5	ENST00000438195.5	0	0	0	1	TARGET-20-PAEIKD-04,TARGET-20-PALGKX-04,TARGET-20-PASJGZ-04	No	3	FALSE	FALSE	No	0.45309753864995794
AML	ENSG00000154027.18	AK5	ENST00000354567.6	ENST00000478255.1	1	1	1	1	TARGET-20-PAEERJ-04,TARGET-20-PARDDY-04,TARGET-20-PASJGZ-04	No	3	TRUE	TRUE	Yes	0.45309753864995794
AML	ENSG00000143093.14	STRIP1	ENST00000369795.7	ENST00000369796.5	1	1	1	1	TARGET-20-PABLDZ-04,TARGET-20-PAKTCX-04,TARGET-20-PATDNN-04	Driver interactor	3	FALSE	FALSE	No	0.45309753864995794
AML	ENSG00000163399.15	ATP1A1	ENST00000295598.9	ENST00000369496.8	1	1	1	1	TARGET-20-PABLDZ-04,TARGET-20-PASMYS-04,TARGET-20-PATDNN-04	No	3	FALSE	FALSE	No	0.45309753864995794
AML	ENSG00000143418.19	CERS2	ENST00000368954.9	ENST00000561294.5	1	1	1	1	TARGET-20-PAEDKB-04,TARGET-20-PASCRZ-04,TARGET-20-PASPLU-04	Driver	3	TRUE	FALSE	Yes	0.45309753864995794
AML	ENSG00000158887.15	MPZ	ENST00000491222.5	ENST00000533357.4	1	1	1	1	TARGET-20-PARCVS-04,TARGET-20-PARYFN-04,TARGET-20-PASYJI-04	No	3	TRUE	FALSE	Yes	0.45309753864995794
AML	ENSG00000143158.10	MPC2	ENST00000271373.8	ENST00000367846.8	1	1	0	1	TARGET-20-PARDDY-04,TARGET-20-PASJGZ-04,TARGET-20-PASTUH-04	No	3	FALSE	FALSE	No	0.45309753864995794
AML	ENSG00000117153.15	KLHL12	ENST00000367261.7	ENST00000367259.1	1	1	1	1	TARGET-20-PABLDZ-04,TARGET-20-PAKTCX-04,TARGET-20-PATDNN-04	No	3	TRUE	FALSE	Yes	0.45309753864995794
AML	ENSG00000171163.15	ZNF692	ENST00000306601.8	ENST00000451251.5	1	1	1	1	TARGET-20-PAEDKB-04,TARGET-20-PASJGZ-04,TARGET-20-PASWAJ-04	No	3	FALSE	FALSE	No	0.45309753864995794
AML	ENSG00000115944.14	COX7A2L	ENST00000234301.2	ENST00000378669.5	1	1	0	1	TARGET-20-PABLDZ-04,TARGET-20-PAEDKB-04,TARGET-20-PATDNN-04	No	3	FALSE	FALSE	No	0.45309753864995794
AML	ENSG00000171150.7	SOCS5	ENST00000394861.2	ENST00000306503.5	1	1	0	1	TARGET-20-PABLDZ-04,TARGET-20-PARCZL-04,TARGET-20-PATDNN-04	No	3	FALSE	FALSE	No	0.45309753864995794
AML	ENSG00000170340.10	B3GNT2	ENST00000301998.4	ENST00000405767.1	1	1	0	1	TARGET-20-PAEERJ-04,TARGET-20-PARFAL-04,TARGET-20-PASPLU-04	No	3	FALSE	FALSE	No	0.45309753864995794
AML	ENSG00000115998.7	C2orf42	ENST00000420306.1	ENST00000264434.6	1	1	0	1	TARGET-20-PADZCG-04,TARGET-20-PAKTCX-04,TARGET-20-PARUNX-04	No	3	FALSE	FALSE	No	0.45309753864995794
AML	ENSG00000159399.9	HK2	ENST00000290573.6	ENST00000409174.1	1	1	1	1	TARGET-20-PABLDZ-04,TARGET-20-PARBIU-04,TARGET-20-PATDNN-04	No	3	FALSE	FALSE	No	0.45309753864995794
AML	ENSG00000125633.10	CCDC93	ENST00000376300.6	ENST00000319432.9	1	1	1	0	TARGET-20-PAKTCX-04,TARGET-20-PARUNX-04,TARGET-20-PATDNN-04	No	3	FALSE	FALSE	No	0.45309753864995794
AML	ENSG00000170396.7	ZNF804A	ENST00000302277.6	ENST00000613975.1	1	1	1	1	TARGET-20-PARBIU-04,TARGET-20-PARLVL-04,TARGET-20-PASHYZ-04	No	3	TRUE	TRUE	Yes	0.45309753864995794
AML	ENSG00000114942.13	EEF1B2	ENST00000392221.5	ENST00000236957.9	1	1	0	1	TARGET-20-PARFAL-04,TARGET-20-PASCGR-04,TARGET-20-PATDNN-04	No	3	FALSE	FALSE	No	0.45309753864995794
AML	ENSG00000115457.9	IGFBP2	ENST00000233809.8	ENST00000456764.1	1	1	1	1	TARGET-20-PAKIWK-04,TARGET-20-PANLIZ-04,TARGET-20-PASCGR-04	Driver interactor	3	TRUE	TRUE	Yes	0.45309753864995794
AML	ENSG00000123983.13	ACSL3	ENST00000392066.7	ENST00000357430.7	1	1	0	1	TARGET-20-PAKERZ-04,TARGET-20-PASCGR-04,TARGET-20-PASGWH-04	No	3	FALSE	FALSE	No	0.45309753864995794
AML	ENSG00000168385.17	SEPT2	ENST00000391971.6	ENST00000407971.5	1	1	1	1	TARGET-20-PABLDZ-04,TARGET-20-PAEDKB-04,TARGET-20-PASCRZ-04	No	3	FALSE	FALSE	No	0.45309753864995794
AML	ENSG00000186162.10	CIDECP	ENST00000424691.1	ENST00000433871.5	0	0	0	1	TARGET-20-PAKTCX-04,TARGET-20-PARDDY-04,TARGET-20-PATDNN-04	No	3	FALSE	FALSE	No	0.45309753864995794
AML	ENSG00000131378.13	RFTN1	ENST00000334133.8	ENST00000432519.5	1	1	1	1	TARGET-20-PABLDZ-04,TARGET-20-PARBIU-04,TARGET-20-PATDNN-04	No	3	FALSE	FALSE	No	0.45309753864995794
AML	ENSG00000211456.10	SACM1L	ENST00000389061.9	ENST00000418611.5	1	1	1	1	TARGET-20-PALGKX-04,TARGET-20-PANLIZ-04,TARGET-20-PARDDY-04	No	3	FALSE	FALSE	No	0.45309753864995794
AML	ENSG00000206530.8	CFAP44	ENST00000295868.6	ENST00000393845.6	1	1	1	1	TARGET-20-PAKTCX-04,TARGET-20-PARCZL-04,TARGET-20-PASCGR-04	No	3	FALSE	FALSE	No	0.45309753864995794
AML	ENSG00000177311.10	ZBTB38	ENST00000514251.5	ENST00000321464.6	1	1	0	1	TARGET-20-PAPXRJ-04,TARGET-20-PARDDY-04,TARGET-20-PASHYZ-04	No	3	FALSE	FALSE	No	0.45309753864995794
AML	ENSG00000145012.12	LPP	ENST00000617246.4	ENST00000618621.4	1	1	1	1	TARGET-20-PASCRZ-04,TARGET-20-PASHYZ-04,TARGET-20-PASTUH-04	Driver interactor	3	FALSE	FALSE	No	0.45309753864995794
AML	ENSG00000125386.14	FAM193A	ENST00000382839.7	ENST00000324666.9	1	1	1	1	TARGET-20-PABLDZ-04,TARGET-20-PARDDY-04,TARGET-20-PATDNN-04	No	3	FALSE	FALSE	No	0.45309753864995794
AML	ENSG00000163682.15	RPL9	ENST00000295955.13	ENST00000449470.6	1	1	0	1	TARGET-20-PAMYAS-04,TARGET-20-PARFAL-04,TARGET-20-PASCGR-04	No	3	FALSE	FALSE	No	0.45309753864995794
AML	ENSG00000226950.6	DANCR	ENST00000411630.6	ENST00000444958.1	0	0	0	1	TARGET-20-PARBIU-04,TARGET-20-PARCVS-04,TARGET-20-PARLVL-04	No	3	FALSE	FALSE	No	0.45309753864995794
AML	ENSG00000145354.9	CISD2	ENST00000503643.1	ENST00000273986.8	1	1	1	1	TARGET-20-PABLDZ-04,TARGET-20-PARYFN-04,TARGET-20-PASHYZ-04	No	3	FALSE	FALSE	No	0.45309753864995794
AML	ENSG00000196656.7	AC004057.1	ENST00000485827.1	ENST00000356247.4	0	0	0	1	TARGET-20-PAEERJ-04,TARGET-20-PARLVL-04,TARGET-20-PATIAK-04	No	3	FALSE	FALSE	No	0.45309753864995794
AML	ENSG00000145592.13	RPL37	ENST00000508493.1	ENST00000509877.5	1	1	1	1	TARGET-20-PAKTCX-04,TARGET-20-PARBIU-04,TARGET-20-PASYJI-04	No	3	FALSE	FALSE	No	0.45309753864995794
AML	ENSG00000226259.10	GTF2H2B	ENST00000508065.7	ENST00000513202.5	0	0	0	1	TARGET-20-PABLDZ-04,TARGET-20-PAEDKB-04,TARGET-20-PASYJI-04	No	3	FALSE	FALSE	No	0.45309753864995794
AML	ENSG00000145741.15	BTF3	ENST00000335895.12	ENST00000380591.7	1	1	1	1	TARGET-20-PAEDKB-04,TARGET-20-PARYVW-04,TARGET-20-PASJGZ-04	No	3	FALSE	FALSE	No	0.45309753864995794
AML	ENSG00000189298.13	ZKSCAN3	ENST00000252211.6	ENST00000377255.3	1	1	0	1	TARGET-20-PARTAL-04,TARGET-20-PASWAJ-04,TARGET-20-PASYJI-04	No	3	FALSE	FALSE	No	0.45309753864995794
AML	ENSG00000240065.7	PSMB9	ENST00000374859.2	ENST00000395330.5	1	1	1	1	TARGET-20-PASINN-04,TARGET-20-PASVYA-04,TARGET-20-PASWAJ-04	No	3	FALSE	FALSE	No	0.45309753864995794
AML	ENSG00000231500.6	RPS18	ENST00000439602.6	ENST00000474973.5	1	1	1	1	TARGET-20-PARLVL-04,TARGET-20-PATDNN-04,TARGET-20-PATIAK-04	No	3	FALSE	FALSE	No	0.45309753864995794
AML	ENSG00000184106.8	TREML3P	ENST00000564680.5	ENST00000457327.2	0	0	0	1	TARGET-20-PARCZL-04,TARGET-20-PARDDY-04,TARGET-20-PARLVL-04	No	3	FALSE	FALSE	No	0.45309753864995794
AML	ENSG00000231113.2	RP3-475N16.1	ENST00000450671.1	ENST00000607218.1	0	0	0	1	TARGET-20-PAKTCX-04,TARGET-20-PARDDY-04,TARGET-20-PASHYZ-04	No	3	FALSE	FALSE	No	0.45309753864995794
AML	ENSG00000164494.11	PDSS2	ENST00000369031.4	ENST00000369037.8	1	1	1	1	TARGET-20-PAKERZ-04,TARGET-20-PARBIU-04,TARGET-20-PARLVL-04	Driver	3	FALSE	FALSE	No	0.45309753864995794
AML	ENSG00000049618.21	ARID1B	ENST00000350026.9	ENST00000346085.9	1	1	1	1	TARGET-20-PABLDZ-04,TARGET-20-PARLVL-04,TARGET-20-PATDNN-04	Driver	3	FALSE	FALSE	No	0.45309753864995794
AML	ENSG00000120438.11	TCP1	ENST00000392168.6	ENST00000544255.5	1	1	1	1	TARGET-20-PABLDZ-04,TARGET-20-PAKTCX-04,TARGET-20-PATDNN-04	Driver interactor	3	FALSE	FALSE	No	0.45309753864995794
AML	ENSG00000011275.18	RNF216	ENST00000389902.7	ENST00000425013.6	1	1	1	1	TARGET-20-PABLDZ-04,TARGET-20-PARBIU-04,TARGET-20-PATDNN-04	Driver interactor	3	FALSE	FALSE	No	0.45309753864995794
AML	ENSG00000122566.20	HNRNPA2B1	ENST00000356674.7	ENST00000354667.8	1	1	1	1	TARGET-20-PABLDZ-04,TARGET-20-PAEDKB-04,TARGET-20-PASCRZ-04	Driver interactor	3	FALSE	FALSE	No	0.45309753864995794
AML	ENSG00000205763.13	RP9P	ENST00000381639.3	ENST00000450133.5	0	0	0	1	TARGET-20-PABLDZ-04,TARGET-20-PAKTCX-04,TARGET-20-PAMYAS-04	No	3	FALSE	FALSE	No	0.45309753864995794
AML	ENSG00000136250.11	AOAH	ENST00000617537.4	ENST00000612871.4	1	1	1	1	TARGET-20-PABLDZ-04,TARGET-20-PARLVL-04,TARGET-20-PATDNN-04	No	3	FALSE	FALSE	No	0.45309753864995794
AML	ENSG00000146729.9	GBAS	ENST00000322090.7	ENST00000446778.5	1	1	1	0	TARGET-20-PABLDZ-04,TARGET-20-PAEFGT-04,TARGET-20-PATDNN-04	Driver interactor	3	FALSE	FALSE	No	0.45309753864995794
AML	ENSG00000169919.16	GUSB	ENST00000304895.8	ENST00000421103.5	1	1	1	1	TARGET-20-PABLDZ-04,TARGET-20-PAKTCX-04,TARGET-20-PATDNN-04	No	3	TRUE	FALSE	Yes	0.45309753864995794
AML	ENSG00000004864.13	SLC25A13	ENST00000265631.9	ENST00000416240.6	1	1	1	1	TARGET-20-PAKERZ-04,TARGET-20-PAKTCX-04,TARGET-20-PASINN-04	Driver	3	FALSE	FALSE	No	0.45309753864995794
AML	ENSG00000164713.9	BRI3	ENST00000297290.3	ENST00000539286.5	1	1	1	1	TARGET-20-PARLVL-04,TARGET-20-PASHYZ-04,TARGET-20-PASVVS-04	No	3	FALSE	FALSE	No	0.45309753864995794
AML	ENSG00000130429.12	ARPC1B	ENST00000252725.9	ENST00000451682.5	1	1	0	1	TARGET-20-PADZCG-04,TARGET-20-PAEDKB-04,TARGET-20-PASJGZ-04	No	3	FALSE	FALSE	No	0.45309753864995794
AML	ENSG00000005075.15	POLR2J	ENST00000292614.9	ENST00000393794.4	1	1	1	1	TARGET-20-PASCRZ-04,TARGET-20-PASINN-04,TARGET-20-PASYJI-04	No	3	FALSE	FALSE	No	0.45309753864995794
AML	ENSG00000133597.9	ADCK2	ENST00000072869.8	ENST00000476491.5	1	1	1	1	TARGET-20-PADYIR-04,TARGET-20-PAEFGT-04,TARGET-20-PASWAJ-04	No	3	FALSE	FALSE	No	0.45309753864995794
AML	ENSG00000106028.10	SSBP1	ENST00000265304.10	ENST00000612337.4	1	1	0	1	TARGET-20-PAEDKB-04,TARGET-20-PASCRZ-04,TARGET-20-PASGZS-04	No	3	FALSE	FALSE	No	0.45309753864995794
AML	ENSG00000172748.12	ZNF596	ENST00000398612.2	ENST00000320552.6	1	1	0	1	TARGET-20-PARCZL-04,TARGET-20-PASPLU-04,TARGET-20-PATDNN-04	No	3	FALSE	FALSE	No	0.45309753864995794
AML	ENSG00000246089.3	RP11-115C21.2	ENST00000500118.2	ENST00000523225.1	0	0	0	1	TARGET-20-PARYFN-04,TARGET-20-PASBBE-04,TARGET-20-PASHYZ-04	No	3	FALSE	FALSE	No	0.45309753864995794
AML	ENSG00000104679.10	R3HCC1	ENST00000411463.2	ENST00000265806.10	1	1	1	1	TARGET-20-PABLDZ-04,TARGET-20-PAKTCX-04,TARGET-20-PATDNN-04	No	3	FALSE	FALSE	No	0.45309753864995794
AML	ENSG00000187735.12	TCEA1	ENST00000521604.6	ENST00000396401.7	1	1	1	1	TARGET-20-PABLDZ-04,TARGET-20-PAKTCX-04,TARGET-20-PARLVL-04	Driver interactor	3	FALSE	FALSE	No	0.45309753864995794
AML	ENSG00000254087.7	LYN	ENST00000519728.5	ENST00000520220.6	1	1	1	1	TARGET-20-PABLDZ-04,TARGET-20-PAKTCX-04,TARGET-20-PATDNN-04	Driver interactor	3	FALSE	FALSE	No	0.45309753864995794
AML	ENSG00000129292.20	PHF20L1	ENST00000220847.8	ENST00000395390.6	1	1	1	1	TARGET-20-PAKERZ-04,TARGET-20-PAKTCX-04,TARGET-20-PATDNN-04	No	3	FALSE	FALSE	No	0.45309753864995794
AML	ENSG00000165006.13	UBAP1	ENST00000297661.8	ENST00000359544.2	1	1	0	1	TARGET-20-PABLDZ-04,TARGET-20-PAKTCX-04,TARGET-20-PATDNN-04	No	3	FALSE	FALSE	No	0.45309753864995794
AML	ENSG00000137106.17	GRHPR	ENST00000318158.10	ENST00000607784.1	1	1	1	1	TARGET-20-PAEDKB-04,TARGET-20-PASCRZ-04,TARGET-20-PASPLU-04	No	3	FALSE	FALSE	No	0.45309753864995794
AML	ENSG00000165025.14	SYK	ENST00000375754.8	ENST00000375751.8	1	1	1	0	TARGET-20-PAEDKB-04,TARGET-20-PARLVL-04,TARGET-20-PASHYZ-04	Driver	3	FALSE	FALSE	No	0.45309753864995794
AML	ENSG00000119326.14	CTNNAL1	ENST00000325551.8	ENST00000374594.1	1	1	1	1	TARGET-20-PABLDZ-04,TARGET-20-PAKTCX-04,TARGET-20-PATDNN-04	No	3	TRUE	FALSE	Yes	0.45309753864995794
AML	ENSG00000119471.14	HSDL2	ENST00000398805.7	ENST00000398803.1	1	1	1	1	TARGET-20-PABLDZ-04,TARGET-20-PARLVL-04,TARGET-20-PATDNN-04	No	3	FALSE	FALSE	No	0.45309753864995794
AML	ENSG00000107021.15	TBC1D13	ENST00000372648.9	ENST00000223865.8	1	1	1	1	TARGET-20-PABLDZ-04,TARGET-20-PAKTCX-04,TARGET-20-PATDNN-04	No	3	FALSE	FALSE	No	0.45309753864995794
AML	ENSG00000126882.12	FAM78A	ENST00000372271.3	ENST00000372269.7	1	1	1	1	TARGET-20-PARCVS-04,TARGET-20-PARCZL-04,TARGET-20-PATDNN-04	No	3	TRUE	FALSE	Yes	0.45309753864995794
AML	ENSG00000160271.14	RALGDS	ENST00000372047.7	ENST00000372062.7	1	1	1	1	TARGET-20-PABLDZ-04,TARGET-20-PAKTCX-04,TARGET-20-PARCVS-04	No	3	FALSE	FALSE	No	0.45309753864995794
AML	ENSG00000085265.10	FCN1	ENST00000371806.3	ENST00000616356.4	1	1	1	1	TARGET-20-PARCVS-04,TARGET-20-PARYFN-04,TARGET-20-PASGWH-04	No	3	FALSE	TRUE	Yes	0.45309753864995794
AML	ENSG00000165688.11	PMPCA	ENST00000371717.7	ENST00000399219.7	1	1	1	1	TARGET-20-PABLDZ-04,TARGET-20-PAKTCX-04,TARGET-20-PATDNN-04	No	3	FALSE	TRUE	Yes	0.45309753864995794
AML	ENSG00000107223.12	EDF1	ENST00000224073.5	ENST00000371649.5	1	1	1	1	TARGET-20-PADZCG-04,TARGET-20-PAEERJ-04,TARGET-20-PASWAJ-04	No	3	FALSE	FALSE	No	0.45309753864995794
AML	ENSG00000067057.16	PFKP	ENST00000381125.8	ENST00000381072.5	1	1	1	1	TARGET-20-PABLDZ-04,TARGET-20-PAEDKB-04,TARGET-20-PATDNN-04	No	3	TRUE	TRUE	Yes	0.45309753864995794
AML	ENSG00000165629.19	ATP5C1	ENST00000356708.11	ENST00000335698.4	1	1	1	1	TARGET-20-PABLDZ-04,TARGET-20-PARLVL-04,TARGET-20-PASCRZ-04	No	3	FALSE	FALSE	No	0.45309753864995794
AML	ENSG00000165637.13	VDAC2	ENST00000332211.10	ENST00000543351.5	1	1	0	1	TARGET-20-PABLDZ-04,TARGET-20-PARCZL-04,TARGET-20-PATDNN-04	No	3	FALSE	FALSE	No	0.45309753864995794
AML	ENSG00000108175.16	ZMIZ1	ENST00000334512.9	ENST00000446377.3	1	1	1	1	TARGET-20-PABLDZ-04,TARGET-20-PARLVL-04,TARGET-20-PATDNN-04	Driver	3	FALSE	FALSE	No	0.45309753864995794
AML	ENSG00000138107.11	ACTR1A	ENST00000369905.8	ENST00000487599.1	1	1	1	1	TARGET-20-PARCVS-04,TARGET-20-PASGZS-04,TARGET-20-PASINN-04	No	3	FALSE	TRUE	Yes	0.45309753864995794
AML	ENSG00000108039.17	XPNPEP1	ENST00000502935.5	ENST00000369683.5	1	1	1	1	TARGET-20-PABLDZ-04,TARGET-20-PAKTCX-04,TARGET-20-PATDNN-04	No	3	FALSE	FALSE	No	0.45309753864995794
AML	ENSG00000065154.11	OAT	ENST00000368845.5	ENST00000539214.5	1	1	1	1	TARGET-20-PABLDZ-04,TARGET-20-PARLVL-04,TARGET-20-PATIAK-04	No	3	FALSE	FALSE	No	0.45309753864995794
AML	ENSG00000089876.11	DHX32	ENST00000284690.3	ENST00000368721.5	1	1	1	1	TARGET-20-PAKTCX-04,TARGET-20-PARUNX-04,TARGET-20-PATDNN-04	No	3	FALSE	FALSE	No	0.45309753864995794
AML	ENSG00000177700.5	POLR2L	ENST00000534030.1	ENST00000322028.4	0	1	1	1	TARGET-20-PABLDZ-04,TARGET-20-PARYFN-04,TARGET-20-PATDNN-04	No	3	TRUE	TRUE	Yes	0.45309753864995794
AML	ENSG00000205339.9	IPO7	ENST00000379719.7	ENST00000630083.1	1	1	1	1	TARGET-20-PAKERZ-04,TARGET-20-PASCRZ-04,TARGET-20-PASPLU-04	Driver	3	TRUE	FALSE	Yes	0.45309753864995794
AML	ENSG00000129158.10	SERGEF	ENST00000265965.9	ENST00000528200.5	1	1	1	1	TARGET-20-PABLDZ-04,TARGET-20-PAKTCX-04,TARGET-20-PASCRZ-04	No	3	TRUE	TRUE	Yes	0.45309753864995794
AML	ENSG00000109881.16	CCDC34	ENST00000328697.10	ENST00000317945.6	1	1	1	1	TARGET-20-PADZCG-04,TARGET-20-PAPXRJ-04,TARGET-20-PASCRZ-04	No	3	FALSE	FALSE	No	0.45309753864995794
AML	ENSG00000148943.11	LIN7C	ENST00000278193.6	ENST00000524596.1	1	1	1	1	TARGET-20-PARDDY-04,TARGET-20-PASPLU-04,TARGET-20-PASWAJ-04	No	3	FALSE	FALSE	No	0.45309753864995794
AML	ENSG00000181830.8	SLC35C1	ENST00000314134.3	ENST00000442528.2	1	1	1	1	TARGET-20-PARDDY-04,TARGET-20-PASCRZ-04,TARGET-20-PASYJI-04	No	3	FALSE	FALSE	No	0.45309753864995794
AML	ENSG00000149182.14	ARFGAP2	ENST00000524782.5	ENST00000627920.2	1	1	1	1	TARGET-20-PABLDZ-04,TARGET-20-PAKTCX-04,TARGET-20-PATDNN-04	No	3	FALSE	FALSE	No	0.45309753864995794
AML	ENSG00000134574.11	DDB2	ENST00000256996.8	ENST00000378603.7	1	1	1	1	TARGET-20-PAEDKB-04,TARGET-20-PAKTCX-04,TARGET-20-PASCRZ-04	Driver	3	TRUE	FALSE	Yes	0.45309753864995794
AML	ENSG00000233436.7	BTBD18	ENST00000436147.3	ENST00000422652.5	1	1	0	1	TARGET-20-PAEIKD-04,TARGET-20-PAKTCX-04,TARGET-20-PASJGZ-04	No	3	FALSE	FALSE	No	0.45309753864995794
AML	ENSG00000110104.11	CCDC86	ENST00000227520.9	ENST00000545580.1	1	1	1	1	TARGET-20-PASBBE-04,TARGET-20-PASHYZ-04,TARGET-20-PASWAJ-04	No	3	FALSE	FALSE	No	0.45309753864995794
AML	ENSG00000089597.16	GANAB	ENST00000356638.7	ENST00000346178.8	1	1	1	1	TARGET-20-PABLDZ-04,TARGET-20-PAKTCX-04,TARGET-20-PATDNN-04	Driver interactor	3	FALSE	FALSE	No	0.45309753864995794
AML	ENSG00000149761.8	NUDT22	ENST00000279206.7	ENST00000441250.6	1	1	1	1	TARGET-20-PABLDZ-04,TARGET-20-PAEDKB-04,TARGET-20-PARLVL-04	No	3	FALSE	FALSE	No	0.45309753864995794
AML	ENSG00000173457.10	PPP1R14B	ENST00000309318.7	ENST00000392210.6	1	1	1	1	TARGET-20-PABLDZ-04,TARGET-20-PAKTCX-04,TARGET-20-PATDNN-04	No	3	FALSE	FALSE	No	0.45309753864995794
AML	ENSG00000168067.11	MAP4K2	ENST00000377350.7	ENST00000294066.6	1	1	1	1	TARGET-20-PABLDZ-04,TARGET-20-PASCRZ-04,TARGET-20-PATDNN-04	Driver interactor	3	FALSE	FALSE	No	0.45309753864995794
AML	ENSG00000149798.4	CDC42EP2	ENST00000279249.2	ENST00000533419.1	1	1	0	1	TARGET-20-PAKTCX-04,TARGET-20-PAMYAS-04,TARGET-20-PASVYA-04	No	3	FALSE	FALSE	No	0.45309753864995794
AML	ENSG00000172725.13	CORO1B	ENST00000341356.9	ENST00000393893.5	1	1	0	1	TARGET-20-PABLDZ-04,TARGET-20-PAEDKB-04,TARGET-20-PATDNN-04	No	3	FALSE	FALSE	No	0.45309753864995794
AML	ENSG00000111669.14	TPI1	ENST00000396705.9	ENST00000613953.4	1	1	1	1	TARGET-20-PABLDZ-04,TARGET-20-PAEDKB-04,TARGET-20-PATDNN-04	No	3	FALSE	FALSE	No	0.45309753864995794
AML	ENSG00000139624.12	CERS5	ENST00000317551.10	ENST00000422340.6	1	1	1	1	TARGET-20-PABLDZ-04,TARGET-20-PAEDKB-04,TARGET-20-PASCRZ-04	No	3	FALSE	FALSE	No	0.45309753864995794
AML	ENSG00000123353.9	ORMDL2	ENST00000548974.1	ENST00000243045.9	1	1	0	1	TARGET-20-PABLDZ-04,TARGET-20-PARLVL-04,TARGET-20-PASTUH-04	No	3	FALSE	FALSE	No	0.45309753864995794
AML	ENSG00000229117.8	RPL41	ENST00000501597.3	ENST00000546591.5	1	1	0	1	TARGET-20-PAKERZ-04,TARGET-20-PASCGR-04,TARGET-20-PASGWH-04	No	3	FALSE	FALSE	No	0.45309753864995794
AML	ENSG00000167272.10	POP5	ENST00000357500.4	ENST00000341039.6	1	1	1	1	TARGET-20-PABLDZ-04,TARGET-20-PASCRZ-04,TARGET-20-PASJGZ-04	No	3	FALSE	FALSE	No	0.45309753864995794
AML	ENSG00000150990.7	DHX37	ENST00000308736.6	ENST00000544745.1	1	1	1	1	TARGET-20-PALGKX-04,TARGET-20-PARFAL-04,TARGET-20-PARUNX-04	No	3	FALSE	FALSE	No	0.45309753864995794
AML	ENSG00000176894.9	PXMP2	ENST00000317479.7	ENST00000543589.5	1	1	1	1	TARGET-20-PABLDZ-04,TARGET-20-PASCGR-04,TARGET-20-PASYJI-04	No	3	TRUE	FALSE	Yes	0.45309753864995794
AML	ENSG00000120690.13	ELF1	ENST00000239882.6	ENST00000442101.5	1	1	1	1	TARGET-20-PABLDZ-04,TARGET-20-PAKTCX-04,TARGET-20-PATDNN-04	Driver	3	TRUE	TRUE	Yes	0.45309753864995794
AML	ENSG00000178974.9	FBXO34	ENST00000313833.4	ENST00000440021.1	1	1	0	1	TARGET-20-PALGKX-04,TARGET-20-PARDDY-04,TARGET-20-PASINN-04	No	3	FALSE	FALSE	No	0.45309753864995794
AML	ENSG00000203485.12	INF2	ENST00000392634.8	ENST00000617571.4	1	1	1	1	TARGET-20-PABLDZ-04,TARGET-20-PAKERZ-04,TARGET-20-PATDNN-04	No	3	TRUE	FALSE	Yes	0.45309753864995794
AML	ENSG00000140199.11	SLC12A6	ENST00000290209.9	ENST00000560164.5	1	1	1	1	TARGET-20-PARDDY-04,TARGET-20-PASPLU-04,TARGET-20-PASWAJ-04	No	3	FALSE	FALSE	No	0.45309753864995794
AML	ENSG00000137880.5	GCHFR	ENST00000260447.5	ENST00000558670.1	1	1	1	1	TARGET-20-PAKTCX-04,TARGET-20-PASHYZ-04,TARGET-20-PASWAJ-04	No	3	TRUE	FALSE	Yes	0.45309753864995794
AML	ENSG00000138594.12	TMOD3	ENST00000544199.5	ENST00000308580.11	1	1	0	1	TARGET-20-PABLDZ-04,TARGET-20-PAKTCX-04,TARGET-20-PATDNN-04	No	3	FALSE	FALSE	No	0.45309753864995794
AML	ENSG00000069869.15	NEDD4	ENST00000435532.7	ENST00000506154.1	1	1	1	1	TARGET-20-PASCRZ-04,TARGET-20-PASINN-04,TARGET-20-PASMYS-04	No	3	TRUE	FALSE	Yes	0.45309753864995794
AML	ENSG00000103642.11	LACTB	ENST00000261893.8	ENST00000413507.3	1	1	1	1	TARGET-20-PALGKX-04,TARGET-20-PARYFN-04,TARGET-20-PARYVW-04	No	3	FALSE	FALSE	No	0.45309753864995794
AML	ENSG00000180357.9	ZNF609	ENST00000326648.4	ENST00000416172.1	1	1	1	1	TARGET-20-PABLDZ-04,TARGET-20-PAEDKB-04,TARGET-20-PASINN-04	No	3	FALSE	TRUE	Yes	0.45309753864995794
AML	ENSG00000140398.13	NEIL1	ENST00000355059.8	ENST00000564784.5	1	1	0	1	TARGET-20-PAKERZ-04,TARGET-20-PARDDY-04,TARGET-20-PASINN-04	Driver	3	FALSE	FALSE	No	0.45309753864995794
AML	ENSG00000140598.13	EFTUD1	ENST00000268206.11	ENST00000359445.7	1	1	1	1	TARGET-20-PABLDZ-04,TARGET-20-PADZCG-04,TARGET-20-PAKTCX-04	No	3	FALSE	FALSE	No	0.45309753864995794
AML	ENSG00000172366.19	FAM195A	ENST00000307650.8	ENST00000629534.2	1	1	1	1	TARGET-20-PAKTCX-04,TARGET-20-PARLVL-04,TARGET-20-PASHYZ-04	No	3	TRUE	FALSE	Yes	0.45309753864995794
AML	ENSG00000197253.13	TPSB2	ENST00000606293.5	ENST00000612142.1	1	1	1	1	TARGET-20-PAEFGT-04,TARGET-20-PAKTCX-04,TARGET-20-PATIAK-04	No	3	FALSE	FALSE	No	0.45309753864995794
AML	ENSG00000007545.15	CRAMP1L	ENST00000293925.9	ENST00000397412.7	1	1	0	1	TARGET-20-PABLDZ-04,TARGET-20-PAKTCX-04,TARGET-20-PATDNN-04	No	3	FALSE	FALSE	No	0.45309753864995794
AML	ENSG00000260778.3	RP11-304L19.13	ENST00000563734.1	ENST00000562838.1	0	0	0	1	TARGET-20-PAKTCX-04,TARGET-20-PASTUH-04,TARGET-20-PASYJI-04	No	3	FALSE	FALSE	No	0.45309753864995794
AML	ENSG00000005339.12	CREBBP	ENST00000382070.7	ENST00000262367.9	1	1	1	1	TARGET-20-PABLDZ-04,TARGET-20-PARLVL-04,TARGET-20-PATDNN-04	Driver	3	FALSE	FALSE	No	0.45309753864995794
AML	ENSG00000262468.5	LINC01569	ENST00000573042.1	ENST00000573268.1	0	0	0	1	TARGET-20-PARCZL-04,TARGET-20-PARDDY-04,TARGET-20-PASHYZ-04	No	3	FALSE	FALSE	No	0.45309753864995794
AML	ENSG00000140632.16	GLYR1	ENST00000321919.13	ENST00000436648.9	1	1	1	1	TARGET-20-PABLDZ-04,TARGET-20-PARLVL-04,TARGET-20-PATDNN-04	No	3	FALSE	FALSE	No	0.45309753864995794
AML	ENSG00000257122.5	RRN3P3	ENST00000549207.1	ENST00000551766.5	0	0	0	1	TARGET-20-PASVVS-04,TARGET-20-PASVYA-04,TARGET-20-PATDNN-04	No	3	FALSE	FALSE	No	0.45309753864995794
AML	ENSG00000177548.12	RABEP2	ENST00000358201.8	ENST00000357573.10	1	1	1	1	TARGET-20-PABLDZ-04,TARGET-20-PARLVL-04,TARGET-20-PATDNN-04	No	3	TRUE	FALSE	Yes	0.45309753864995794
AML	ENSG00000169203.16	RP11-231C14.4	ENST00000458643.3	ENST00000617311.1	1	1	1	1	TARGET-20-PASCGR-04,TARGET-20-PASCRZ-04,TARGET-20-PASWAJ-04	No	3	TRUE	FALSE	Yes	0.45309753864995794
AML	ENSG00000102879.15	CORO1A	ENST00000219150.9	ENST00000570045.5	1	1	0	1	TARGET-20-PASCRZ-04,TARGET-20-PASGZS-04,TARGET-20-PASWAJ-04	Driver interactor	3	FALSE	FALSE	No	0.45309753864995794
AML	ENSG00000103510.19	KAT8	ENST00000219797.8	ENST00000448516.6	1	1	1	1	TARGET-20-PADZCG-04,TARGET-20-PALGKX-04,TARGET-20-PARDDY-04	No	3	FALSE	FALSE	No	0.45309753864995794
AML	ENSG00000121281.12	ADCY7	ENST00000254235.7	ENST00000394697.6	1	1	0	1	TARGET-20-PARCVS-04,TARGET-20-PASHYZ-04,TARGET-20-PASYJI-04	No	3	FALSE	FALSE	No	0.45309753864995794
AML	ENSG00000102931.7	ARL2BP	ENST00000219204.7	ENST00000562023.5	1	1	1	1	TARGET-20-PADZCG-04,TARGET-20-PAEERJ-04,TARGET-20-PASXNR-04	No	3	FALSE	FALSE	No	0.45309753864995794
AML	ENSG00000140931.19	CMTM3	ENST00000567572.5	ENST00000460097.5	1	1	1	1	TARGET-20-PABLDZ-04,TARGET-20-PAKTCX-04,TARGET-20-PATDNN-04	No	3	TRUE	FALSE	Yes	0.45309753864995794
AML	ENSG00000167261.13	DPEP2	ENST00000393847.5	ENST00000572888.5	1	1	0	1	TARGET-20-PASCRZ-04,TARGET-20-PASGWH-04,TARGET-20-PASWAJ-04	No	3	FALSE	FALSE	No	0.45309753864995794
AML	ENSG00000103257.8	SLC7A5	ENST00000261622.4	ENST00000565644.5	1	1	1	1	TARGET-20-PABLDZ-04,TARGET-20-PASGWH-04,TARGET-20-PATDNN-04	No	3	FALSE	FALSE	No	0.45309753864995794
AML	ENSG00000158545.15	ZC3H18	ENST00000301011.9	ENST00000452588.6	1	1	1	1	TARGET-20-PARDDY-04,TARGET-20-PASMYS-04,TARGET-20-PASPLU-04	No	3	FALSE	FALSE	No	0.45309753864995794
AML	ENSG00000051523.10	CYBA	ENST00000261623.7	ENST00000567174.5	1	1	1	1	TARGET-20-PASCRZ-04,TARGET-20-PASWAJ-04,TARGET-20-PASYJI-04	No	3	FALSE	FALSE	No	0.45309753864995794
AML	ENSG00000167526.13	RPL13	ENST00000567815.5	ENST00000393099.3	1	1	0	1	TARGET-20-PARLVL-04,TARGET-20-PARYVW-04,TARGET-20-PATIAK-04	No	3	FALSE	FALSE	No	0.45309753864995794
AML	ENSG00000108561.8	C1QBP	ENST00000225698.8	ENST00000574444.5	1	1	1	1	TARGET-20-PABLDZ-04,TARGET-20-PASPLU-04,TARGET-20-PATDNN-04	Driver interactor	3	FALSE	FALSE	No	0.45309753864995794
AML	ENSG00000072310.16	SREBF1	ENST00000261646.9	ENST00000395757.5	1	1	1	1	TARGET-20-PABLDZ-04,TARGET-20-PAKTCX-04,TARGET-20-PASMYS-04	Driver interactor	3	FALSE	FALSE	No	0.45309753864995794
AML	ENSG00000172301.10	COPRS	ENST00000302362.10	ENST00000378634.6	1	1	1	1	TARGET-20-PAKTCX-04,TARGET-20-PASGWH-04,TARGET-20-PASJGZ-04	No	3	FALSE	FALSE	No	0.45309753864995794
AML	ENSG00000278535.4	DHRS11	ENST00000618403.4	ENST00000611337.4	1	1	1	1	TARGET-20-PARCZL-04,TARGET-20-PASCRZ-04,TARGET-20-PATDNN-04	No	3	FALSE	FALSE	No	0.45309753864995794
AML	ENSG00000184922.13	FMNL1	ENST00000331495.7	ENST00000587489.5	1	1	1	1	TARGET-20-PABLDZ-04,TARGET-20-PAKTCX-04,TARGET-20-PATDNN-04	No	3	TRUE	FALSE	Yes	0.45309753864995794
AML	ENSG00000006062.13	MAP3K14	ENST00000344686.6	ENST00000376926.8	1	1	0	1	TARGET-20-PAMYAS-04,TARGET-20-PAPXRJ-04,TARGET-20-PASPLU-04	Driver interactor	3	FALSE	FALSE	No	0.45309753864995794
AML	ENSG00000141232.4	TOB1	ENST00000499247.2	ENST00000268957.3	1	1	0	1	TARGET-20-PAPXRJ-04,TARGET-20-PARLVL-04,TARGET-20-PASINN-04	Driver interactor	3	FALSE	FALSE	No	0.45309753864995794
AML	ENSG00000136478.7	TEX2	ENST00000584379.5	ENST00000258991.7	1	1	1	1	TARGET-20-PABLDZ-04,TARGET-20-PAKTCX-04,TARGET-20-PATDNN-04	No	3	FALSE	FALSE	No	0.45309753864995794
AML	ENSG00000070495.14	JMJD6	ENST00000397625.8	ENST00000445478.6	1	1	1	1	TARGET-20-PARBIU-04,TARGET-20-PASCRZ-04,TARGET-20-PATDNN-04	Driver interactor	3	FALSE	FALSE	No	0.45309753864995794
AML	ENSG00000157637.12	SLC38A10	ENST00000374759.7	ENST00000288439.9	1	1	1	1	TARGET-20-PAKIWK-04,TARGET-20-PASCRZ-04,TARGET-20-PASMYS-04	No	3	FALSE	FALSE	No	0.45309753864995794
AML	ENSG00000185527.11	PDE6G	ENST00000571004.1	ENST00000331056.9	1	1	0	1	TARGET-20-PABLDZ-04,TARGET-20-PAKTCX-04,TARGET-20-PASCRZ-04	No	3	FALSE	FALSE	No	0.45309753864995794
AML	ENSG00000185624.14	P4HB	ENST00000331483.8	ENST00000439918.6	1	1	1	1	TARGET-20-PADZCG-04,TARGET-20-PANLIZ-04,TARGET-20-PARLVL-04	Driver interactor	3	TRUE	FALSE	Yes	0.45309753864995794
AML	ENSG00000153339.13	TRAPPC8	ENST00000283351.8	ENST00000582539.5	1	1	1	1	TARGET-20-PAEERJ-04,TARGET-20-PASGZS-04,TARGET-20-PASMYS-04	No	3	FALSE	FALSE	No	0.45309753864995794
AML	ENSG00000166401.13	SERPINB8	ENST00000353706.6	ENST00000542677.5	1	1	1	1	TARGET-20-PABLDZ-04,TARGET-20-PAKTCX-04,TARGET-20-PATDNN-04	No	3	FALSE	FALSE	No	0.45309753864995794
AML	ENSG00000180448.10	HMHA1	ENST00000313093.6	ENST00000590577.2	1	1	1	1	TARGET-20-PABLDZ-04,TARGET-20-PASCRZ-04,TARGET-20-PATDNN-04	No	3	FALSE	FALSE	No	0.45309753864995794
AML	ENSG00000129968.15	ABHD17A	ENST00000292577.11	ENST00000590661.1	1	1	1	1	TARGET-20-PABLDZ-04,TARGET-20-PASWAJ-04,TARGET-20-PATDNN-04	No	3	TRUE	FALSE	Yes	0.45309753864995794
AML	ENSG00000099800.7	TIMM13	ENST00000591871.1	ENST00000215570.7	1	1	1	1	TARGET-20-PAEDKB-04,TARGET-20-PASJGZ-04,TARGET-20-PASWAJ-04	No	3	FALSE	FALSE	No	0.45309753864995794
AML	ENSG00000141985.9	SH3GL1	ENST00000269886.7	ENST00000598564.5	1	1	1	1	TARGET-20-PABLDZ-04,TARGET-20-PAKTCX-04,TARGET-20-PATDNN-04	No	3	FALSE	FALSE	No	0.45309753864995794
AML	ENSG00000076662.9	ICAM3	ENST00000160262.9	ENST00000589261.5	1	1	1	1	TARGET-20-PARFAL-04,TARGET-20-PASCRZ-04,TARGET-20-PASGZS-04	Driver interactor	3	FALSE	FALSE	No	0.45309753864995794
AML	ENSG00000129353.14	SLC44A2	ENST00000407327.8	ENST00000586078.5	1	1	1	1	TARGET-20-PAEDKB-04,TARGET-20-PASCRZ-04,TARGET-20-PASYJI-04	No	3	FALSE	FALSE	No	0.45309753864995794
AML	ENSG00000214212.8	C19orf38	ENST00000397820.4	ENST00000592854.5	1	1	0	1	TARGET-20-PAEFGT-04,TARGET-20-PARYVW-04,TARGET-20-PASHYZ-04	No	3	FALSE	FALSE	No	0.45309753864995794
AML	ENSG00000011243.17	AKAP8L	ENST00000397410.9	ENST00000595465.6	1	1	1	1	TARGET-20-PABLDZ-04,TARGET-20-PAKTCX-04,TARGET-20-PATDNN-04	No	3	FALSE	FALSE	No	0.45309753864995794
AML	ENSG00000105393.15	BABAM1	ENST00000598188.5	ENST00000601043.5	1	1	0	1	TARGET-20-PABLDZ-04,TARGET-20-PAEDKB-04,TARGET-20-PASMYS-04	No	3	FALSE	FALSE	No	0.45309753864995794
AML	ENSG00000007080.10	CCDC124	ENST00000445755.6	ENST00000597436.5	1	1	0	1	TARGET-20-PABLDZ-04,TARGET-20-PAKTCX-04,TARGET-20-PATDNN-04	No	3	FALSE	FALSE	No	0.45309753864995794
AML	ENSG00000105671.11	DDX49	ENST00000247003.8	ENST00000629999.2	1	1	1	1	TARGET-20-PABLDZ-04,TARGET-20-PASCRZ-04,TARGET-20-PATDNN-04	No	3	TRUE	TRUE	Yes	0.45309753864995794
AML	ENSG00000105220.14	GPI	ENST00000356487.9	ENST00000415930.7	1	1	1	1	TARGET-20-PABLDZ-04,TARGET-20-PASCRZ-04,TARGET-20-PATDNN-04	No	3	FALSE	FALSE	No	0.45309753864995794
AML	ENSG00000013275.7	PSMC4	ENST00000157812.6	ENST00000455878.2	1	1	1	1	TARGET-20-PABLDZ-04,TARGET-20-PAKTCX-04,TARGET-20-PATDNN-04	Driver interactor	3	FALSE	FALSE	No	0.45309753864995794
AML	ENSG00000167578.16	RAB4B	ENST00000357052.6	ENST00000594800.5	1	1	0	1	TARGET-20-PAEDKB-04,TARGET-20-PARLVL-04,TARGET-20-PASCRZ-04	No	3	FALSE	FALSE	No	0.45309753864995794
AML	ENSG00000204524.6	ZNF805	ENST00000414468.2	ENST00000354309.4	1	1	1	1	TARGET-20-PABLDZ-04,TARGET-20-PAKTCX-04,TARGET-20-PATDNN-04	No	3	TRUE	FALSE	Yes	0.45309753864995794
AML	ENSG00000101247.17	NDUFAF5	ENST00000463598.1	ENST00000378106.9	1	1	1	1	TARGET-20-PAEDKB-04,TARGET-20-PAKTCX-04,TARGET-20-PARCZL-04	No	3	TRUE	FALSE	Yes	0.45309753864995794
AML	ENSG00000101460.12	MAP1LC3A	ENST00000397709.1	ENST00000360668.7	1	1	0	1	TARGET-20-PAKTCX-04,TARGET-20-PARYVW-04,TARGET-20-PASGWH-04	No	3	FALSE	FALSE	No	0.45309753864995794
AML	ENSG00000101079.20	NDRG3	ENST00000349004.5	ENST00000359675.6	1	1	1	1	TARGET-20-PABLDZ-04,TARGET-20-PAEDKB-04,TARGET-20-PARDDY-04	No	3	FALSE	FALSE	No	0.45309753864995794
AML	ENSG00000130703.15	OSBPL2	ENST00000313733.7	ENST00000439951.6	1	1	1	1	TARGET-20-PARDDY-04,TARGET-20-PARTAL-04,TARGET-20-PATDNN-04	No	3	FALSE	FALSE	No	0.45309753864995794
AML	ENSG00000160216.18	AGPAT3	ENST00000327505.6	ENST00000398061.5	1	1	0	1	TARGET-20-PARTAL-04,TARGET-20-PASCGR-04,TARGET-20-PASVVS-04	No	3	FALSE	FALSE	No	0.45309753864995794
AML	ENSG00000184436.11	THAP7	ENST00000399133.2	ENST00000215742.8	1	1	0	1	TARGET-20-PAMYAS-04,TARGET-20-PASCRZ-04,TARGET-20-PASTUH-04	No	3	FALSE	FALSE	No	0.45309753864995794
AML	ENSG00000100209.9	HSCB	ENST00000216027.7	ENST00000398941.6	1	1	1	1	TARGET-20-PABLDZ-04,TARGET-20-PAKTCX-04,TARGET-20-PARDDY-04	No	3	TRUE	FALSE	Yes	0.45309753864995794
AML	ENSG00000100296.13	THOC5	ENST00000397873.6	ENST00000397871.5	1	1	0	1	TARGET-20-PABLDZ-04,TARGET-20-PAKTCX-04,TARGET-20-PATDNN-04	No	3	FALSE	FALSE	No	0.45309753864995794
AML	ENSG00000239713.7	APOBEC3G	ENST00000407997.3	ENST00000452957.6	1	1	1	1	TARGET-20-PASJGZ-04,TARGET-20-PASMYS-04,TARGET-20-PASWAJ-04	No	3	FALSE	FALSE	No	0.45309753864995794
AML	ENSG00000100271.16	TTLL1	ENST00000266254.11	ENST00000331018.8	1	1	1	1	TARGET-20-PAEDKB-04,TARGET-20-PASCRZ-04,TARGET-20-PASYJI-04	No	3	FALSE	FALSE	No	0.45309753864995794
AML	ENSG00000100294.12	MCAT	ENST00000327555.5	ENST00000290429.10	1	1	1	1	TARGET-20-PAKTCX-04,TARGET-20-PARYFN-04,TARGET-20-PASCRZ-04	No	3	FALSE	FALSE	No	0.45309753864995794
AML	ENSG00000205542.10	TMSB4X	ENST00000451311.6	ENST00000380636.1	1	1	0	1	TARGET-20-PADYIR-04,TARGET-20-PAEDKB-04,TARGET-20-PASCRZ-04	Driver interactor	3	FALSE	FALSE	No	0.45309753864995794
AML	ENSG00000086712.12	TXLNG	ENST00000380122.9	ENST00000398155.4	1	1	1	1	TARGET-20-PABLDZ-04,TARGET-20-PAKTCX-04,TARGET-20-PATDNN-04	No	3	FALSE	FALSE	No	0.45309753864995794
AML	ENSG00000165175.15	MID1IP1	ENST00000378474.3	ENST00000457894.4	1	1	0	1	TARGET-20-PADZCG-04,TARGET-20-PARLVL-04,TARGET-20-PATDNN-04	No	3	FALSE	FALSE	No	0.45309753864995794
AML	ENSG00000126759.12	CFP	ENST00000396992.7	ENST00000377005.6	1	1	1	1	TARGET-20-PARCZL-04,TARGET-20-PASHYZ-04,TARGET-20-PATDNN-04	No	3	FALSE	FALSE	No	0.45309753864995794
AML	ENSG00000198960.10	ARMCX6	ENST00000361910.8	ENST00000539247.5	1	1	0	1	TARGET-20-PADZCG-04,TARGET-20-PASHYZ-04,TARGET-20-PASINN-04	No	3	FALSE	FALSE	No	0.45309753864995794
AML	ENSG00000166432.14	ZMAT1	ENST00000540921.5	ENST00000372782.4	1	1	0	1	TARGET-20-PAKTCX-04,TARGET-20-PASCRZ-04,TARGET-20-PASWAJ-04	No	3	FALSE	FALSE	No	0.45309753864995794
AML	ENSG00000157514.16	TSC22D3	ENST00000372397.6	ENST00000372390.8	1	1	1	1	TARGET-20-PABLDZ-04,TARGET-20-PAKTCX-04,TARGET-20-PATDNN-04	No	3	FALSE	FALSE	No	0.45309753864995794
AML	ENSG00000125351.10	UPF3B	ENST00000345865.6	ENST00000276201.6	1	1	1	1	TARGET-20-PABLDZ-04,TARGET-20-PANLIZ-04,TARGET-20-PARDDY-04	No	3	FALSE	FALSE	No	0.45309753864995794
AML	ENSG00000102119.10	EMD	ENST00000369842.8	ENST00000369835.3	1	1	1	1	TARGET-20-PADYIR-04,TARGET-20-PASCRZ-04,TARGET-20-PASINN-04	No	3	FALSE	FALSE	No	0.45309753864995794
AML	ENSG00000130830.14	MPP1	ENST00000369534.7	ENST00000413259.7	1	1	1	1	TARGET-20-PAEDKB-04,TARGET-20-PASCRZ-04,TARGET-20-PASMYS-04	No	3	FALSE	FALSE	No	0.45309753864995794
AML	ENSG00000182712.15	CMC4	ENST00000369484.7	ENST00000369479.1	1	1	0	1	TARGET-20-PABLDZ-04,TARGET-20-PALGKX-04,TARGET-20-PASCRZ-04	No	3	FALSE	FALSE	No	0.45309753864995794
